1|048000300060000050100203004500607002000040000600305001300406005090000040006000710
10|006000800000801000004593200230000065400000001970000082009345600000709000007000500
100|100009000000405020906200705000050809000000000703080000508002104090501000000800003
101|030000900901005004080010060009800700000973000003001600040020080200100507007000020
102|000203010007400000902000500200000830500102007046000005005000302000004900020806000
103|900000007000082400030100020000050090200608001010070000080006010004530000700000006
104|061900000900000004000030070030607590000040000072503080080060000400000008000009760
105|608000002000000003001040080700480500000902000006035004030060900800000000900000705
106|803000600100900005050406080009003000500000008000500700090201060600004003001000502
107|090007360000000900002403050901006005000040000800200601060304800004000000039800010
108|000920100000006007020003080054000200030000050002000930010300060800100000003048000
109|031006900804000560060000000000204080200030001040705000000000070023000106009400830
11|004000500000694000690020007800900003005000100300002004500060018000183000007000600
210|700502000009700000308000005030600100800040006004009080207000904000004300000901007
211|003700500004800000500000009600010080300205000070040000800000002050004600000006350
212|160840005000007000000050008001030500009786300008020700300060000000900000900074026
213|089000000050906010002070000000210006000307500200065000000090720010003080000000460
214|470020050023000040900000000005900700000030000007005600100000006040700980080050030
215|001506007008000000009040320000307000040020090000900000092000500000000700300451200
216|906000002000500040510820000000006070400010003060302000000047059090008000200000607
217|009000500400000003600507049000400000041908730000006000900805004300000005008600100
218|060000270001290400200008009070000041000406000540000020600900007003067900097000010
219|000030050009080007600409008010000300000621000006000040100308009500060403060070000
22|009000200080070050240908006500000063000602000460000002900501074030090020004000100
220|000003007000107500000080620008900050205000106097005800059020000006309000800000000
221|000006009000500040007000800809070600000090000002040503008703400010002000500800006
340|001800000580000090024000300000071080000906004050420000037000420010000073000007500
341|004000070000300080250080034006400900000109000002006300010040026060005000020030800
342|009300000005010430000004600200400006040020050600009007000800001010040800000002300
343|040670030700000001008100400006020000000801000000050200003905700100000004070030060
344|040060010052040700007000005000004000001708200000200000500300960009020050070080000
345|000080540700902001020000000049003680000000000000400900070000030000507009061040000
346|004750001003200700006000940000400010000378000060000000029000500007000100100092400
347|060450010000108000019000600600300001053000490900005003002000760000702000080000040
348|000005040063900570100002009000070600510000038006050000600800004084007920020600000
349|004820600090400000000000083080600540003010700049000000960000000000000050000081300
35|060080030007306500000000006140900703000000000805004020700000000006805200090040080
350|007100800090002010000980000065000002082400960400000350000035000050700020004008000
351|600100008000000000204300170008704290000000000079203500036007801000000000100609005
470|000010359000004100000000026001500040000608003060007800640000000007400200952060000
471|003060090009405008600003005000000670890000012026000000900200001300601200080030000
472|400300107000801362000500000020005600000000040005600020000003000572000000906002001
473|000060004806200000057000090014000000600307001070000680040000100700006402300010000
474|002600500007000061000140070400700000060050020000003009090037050030000900005000800
475|706000900140090000000007006080930010030000050010075080400300000070010094003000105
476|004508300009030052000000000002900507400000003900047200000000000230090100007601000
477|530900060080700090900001000000006080078000630090400000000100003050003040000604052
478|500100004002005000680000050004002003000680000100703500020000078000400300300001006
479|200700500000801000050409010009000680020000070003000400010904006000302000004008007
48|600405000003000600200030509090040078001000000300080000806050007000000300000709000
480|050038007000604000001000400080500090005000600020007580007009800000306000100870050
481|005004003300801000008000700000400105750000089901005000007000601000703002100200000
110|200501007080000060009000002806903000000104000000602705300000600010000020500208009
123|004020706080007002000090000018030050000000000090040120000060000860300001902010300
136|006004003140060008080100040702000800000050000004000702070006080200040015600500400
149|040009010000400080193080600000590006010000030200071000000020403060005000080900050
161|020000164400001000000050000009000006210604053500000800060020080000300000174000030
174|000000005007400306080000170008602007000591000500704600056000090301006700200000000
187|040309200000200050709080300580000000003000700200000081004050602010004000008002090
21|300010009000309000080005060820504070000000000050608032030200040000907000400080005
222|080600730600070000020040000108005003002000500700200108000060080000089007093004050
235|200100076060000009007000500602080700090000060008090005003000600800400020570003004
248|006000001000800200010090065000510090025070610070042000240050030003009000500000100
260|000100000025000040008000200800090300603805000004060001087000400430000760000009000
60|009000100060070040103000092900007005000000000400902003210000009000060050008000700
600|000000070007025390400001000009050000230109085000060200900800002028590600050000000
601|041690070000000102000010040006400700100806005005007300060080000307000000010074650
602|006507300007020046800000000600003008010000030500400007000000005240060803009705200
603|007201000050000080040050100400090056000034000080010003008060090090000020000709300
604|090070020000000000640100005062500300007020900039008050500001048000000000080040030
605|000000000900000060020075038004080007080053010300060500060210070070000602000000000
606|300508004000002000070010030908000000037000120005000006010040070000100000000806005
607|008705000004096000000200040059000870403000905076000210090008000000020100000304700
608|000040009030080510600075000400000360000000000017000004000304000095020030800090006
609|006731000800009000070060090510020700000000000009080021090070030700500002000192800
61|405000008000000000060319040600500800040020010000003000030175090000000000700000503
610|060000070000004000050030900009080500002903400005010300031090250000001000090000080
720|000700000094000850200000009001405600009201400003906700900040006012000340000007000
721|600500003049000000008400100030009000200701009000820070001053200000000030500000007
722|000507080017300006008000300000000032003608400170000000086000900300005720040809000
723|870000000500700009009300070000409030002080400090601000080005300100003008000000065
724|020300000005001000009050700800100007040070050200004008004010900000200600000097035
725|008000000090150030500602009003000000800060024000004600700809005040021080000000300
726|020306000600020000835000002009000008000975000200000500400000869000050034000104050
727|000004900005006800200080000086000007000051000900000350000020008003900700109600500
728|341007000000200000007806400070000040002409100090000036005604200000005000000900584
729|000050080000009200380000007070800690003000400091007000900000023004200500030060000
73|500040000003000620000009004006007200810000043009100000700500000092000800000030006
730|000508900000040500000700008506007009090100070000400603300001200002000000007306000
731|090000300020700080004610000000581046000000000100073090000020500080006070007000010
850|700000406080060025000800070900402058000000000570908003020003000150040090407000002
851|007000900000070006309604007000800700420000065006005030500306001900050000003000200
852|007930080300010600100000009406090000000605000000080307600000004002040700040029800
853|000003108001000350805000006400390000050807060000005002300000904080000700104200000
854|050200000003906800809030007008000920000809000065000400300040508001503200000008010
855|070100030003000900090000060000805600300207008001006000040000090008000200050601040
856|036700180009205300000000000670000001001000900900000057000060000000401700084003020
857|007000902000000300000106045690503001000060000200804096300405000001000000508000600
858|700009005200010000040205070600000300509000408028000009060503080000090001800100003
859|500340009001020600000007010070590008000070000900086030050200000002000700300009005
86|060400000008302900200070008301009400000000000009500701800020009002105300000004070
860|700000006000001200020037010005100090000090000010006300050670030004320001900000004
861|002040000700190600600000007000020800210000046003000700300000004004087005000061300
862|007040000100000700064130080040300090000601000080000020090002570008000009000050300
863|600000104039000020040010300000095000000206000000130000083050090050000430900000206
864|200107095503000000010000000009030206080000040402090700000000080000004603830502000
865|086000090000006000500108007001009260000001800092800500100607004000900000050000020
866|000081020000300000904000500490000100700060008006000049007000603000703000010650090
867|408020000035040200020000060000000701000507000802000006050000010003000690900060405
868|500900004700005800060000050050090700006800300002040060080004030004300001200009006
869|000090701040050980000100000000000100280900053305000000000502000098060000403070000
111|000096000008050003501000906003205008000000000100309700206000109800060300000120000
112|030109060001000920600000041000730000700020008000096000850000004062000500040207080
113|000009230000015406000030009043000790000000000081000520200080000308640000017500000
114|000000600009040070300020500060700300100000008003005260008090003090060700005000000
115|016500000800004000070080090900800003030050040500002001060020050000400007000001830
116|000080000160007003705102000000200007090050030200009000000301504800000071000060000
117|068030070000000000200615000520000407830000026709000035000194008000000000080050240
118|090201060003006900000800700014000030700000005080000420008004000009100300060308090
119|002008700700000004401003500000080005030702010200060000005800902900000001007500400
12|000000000007402900509300401004060300700000008001080700402007003006905100000000000
120|980002075400000002007901000000023000200509008000800000000605800700000003590300047
121|047060000006100705003500040000012090008000300090070000030000400709008100000020670
122|002000006030970020900061000706300004000040000400007608000530000050090010200000700
124|020607009005000380040900700080109000010000070000708060004001090050000400900502010
125|025000600100080000900205040402050000050001000000060902090003006000040001003000780
126|901300004005070060000200030500040023000000000360010008080007000090020070600009100
127|006400708004500000000087360000000580700000003069000000032690000000001900007003200
128|504700000720609040010000200090060000200000007000050090005000030030900064400008002
129|200000001360200075000358000000000020100000006024007000000931000970006053600000009
13|200000005060000080040306070500607021000000000420905003030102090080000030600000007
130|080401096000000805000000004002070500090000080001060200100007000007000600360009010
131|000209100100053600300000020000040080006502700010000000060000004009420008001800500
132|000000000007650400053204070030009010804000603070000020040708350000012800000000000
133|002300590006040007700500000020004010003000400050800070000001005200080300004600900
134|004000050600008009000001700050030020009020000020070068001600030900500007060000100
135|070300000080600001000908005800000650200000008091000002930807000700004020000103080
137|060900050090031020007600000015000800080000060004000510000005200000310070030806090
138|000007000469000080000906501230000000074050860000000043802509000090000658000800000
139|060800090002005700840070000000050070308000509010090000000080036004560900080009010
14|000137005000000000730040021090001080507000302020300050150090063000000000900583000
140|200090008000000900000300714100006000008000600400508009351007000006000000900080405
141|800000003090000504004103000002709050005000700070805430000906100208000060400000005
142|084900610000600900060000087090700500000040000003008070740000030005001000019006720
143|060294007000000009002300500300000802000050000907000003004005100600040000800631090
144|080407030900050000006200801800700000000000000001006002602004708000000000070802010
145|005009006000030200028001040500000014001000600480000005090300170002010000100602500
146|090050000600034002004000030040800900706000801008007060030000200100420006000000079
147|500002030030060000102000007070006300005000900004300020200070405000090060050408009
148|200000004040865000050300000003500800600090007000000100000002080000651040000000603
15|200480005000000700007209400030090060400805003020030050005903100004000000300078009
150|030060080000300007000804020001023600400000001008900700012605000600007000040090060
151|005108700400000008086000130000809200000030000001405000027000300500000002003702400
152|900051000700000009006000040530080900000204000602500034080000300000000007000340002
153|400000060000008030001004902040030007500000008200090040102307600070620000060000003
154|150000002060800050000052090000005006080706010700300000010590020090008060500000071
155|001000900080900020400010005900408001000765000500001006700030009020006030003000500
156|000902000003000000020080460016009500000407000000500870067050090005000700001206000
157|000018000000500700402000300001900520090105000027004000006000001005003000300860000
158|009004006005080100800000007000400010400701002000005900500000009007060200906300800
159|070208500305000900008400003006007000400080005000300100900006400001000309004103050
16|207030508040809010000000000903000601010000080608000402000000000060708030102040805
160|000600053004010700030000900015090680200000001063020070002000040000080100470001000
162|050100000100004005003750000006000004041503920500000800200081300300000000000006090
163|709060003030000400500307000070008064002000100610700080000804009008000020300070801
164|005060038000000000200840010007003500800020009002690100040030006000000000670050900
165|000000800000159070900000001000003190400010007068700000870000003010936000006000050
166|070060090005040000010302500703000000000806000600000302004003010007000900020090080
167|005208700780000020000000900073800100100000005000002470004000000050000069000016500
168|000152000000700302000090070009065080870000045040380100010030000902004000000519000
169|309000007000004000005637200000000001107306902600000000006845100000700008200000506
17|290000003007000500000816000080607030000923000030104090000492000003000100800000057
170|020000080080071005900380002000560030500000004060030000700012008400850090090000000
171|600800003008093100401000000000710200700000008002085000000000601006350400900006007
172|002000700610000050090100000900400000030580060000603009080002070070000034001000200
173|001070300005086070000500000190000007020000060400000021000005000050240086009010200
175|000000020900060000800701304090000200027000450006008070005406007000010000073000000
176|008300500030010000904000701007206490000000000095401800809000104000070020001009300
177|050078020607900014800000005000007000900010007000800000300000009160009208080230060
178|000700090100003004800906000029004006080000040300100500000609008900300025050008000
179|002143800007600040001000000600920005000508000400016009000000000080009700003485600
18|301906800007000050060000000000098000500070002000640000000000000040000910006204308
180|080050940400000000095600100000091200030000070001820000000005080000000006068000007
181|090006000008010400100000052000700040200000008060403020840000003007040900900300080
182|600090000908400000020700010003500400000000000405008207059003070000000509000010004
183|000020400008000009060400018600208003300000005800001004510004090400070800009000000
184|200007000070020040306000800013040000900800006000069500004000900060090050000700008
185|608000105000300600050009000280070004009000700400030016000200050001005000507000401
186|000300000000075010015000900400000060300000709080250000004000570020690004000008000
188|502300008000000600060704000003005000050609020000400900000102060005000700600070109
189|290004000570000020060050000007030000030205017000090500000010080010000064000306052
19|060895040000002000500030008470060030100000006030040051700080003000600000080359020
190|600400020700021003000000100002910700000000800007068900003000007800050006090007001
191|010078430200100007009000800300540020000000000050092004005000000400003001093060070
192|200000300000004260010020000000870001036040090800006000000050040029300100008000006
193|030900000005000600700200098090070040040800320010060000080004005002000400000003060
194|056000940003040800000016000500300000068000350000007009000600000004070200080200670
195|000204000030000090500103408200060800960000047007040009304000002070000030000801000
196|060105240029000080000000900000009003094000510000700000007000000050040620046302050
197|080000007090308010700020800308600000029000630000002501004090003060201040800000060
198|060300000050064010900002006006200900100090003007006800600100008030840090000003040
199|005100720000000000800002305000070609007050200308060400409700002000000000061009500
2|003408900500903081000000000910000007005000400200000096000000000630809002002506300
20|064000720200000003905070400003907100000050000006408300007090501100000002092000870
200|060700009209000700007000040006030800300802005000090200050000900008000102902004080
201|800000005700045000000210080030650010400000006010032070040020000000190003500007002
202|000000000004501300280000065700005008000918000800300002410000089009007500000090000
203|040020000000005030800000902030060470600012000095080060403000008080200000000030010
204|900067000070482906000000000107000004060000090400000803000090000803250060000610008
205|062000000490705000007008006070000900800000003001000080703800601000106034000000850
206|040039000007000000600700405150000000200600009000000061905004007000005300020100080
207|000000200043006800010007060006070003000912000700000100060508020002100450005000000
208|095000300000020008800090607000600080901000700070004000203040001500070000009200030
209|100039000075604010000200700010006089000000000240100000006008000050001840000900006
223|004090000590000000000006300080607034006805900350109080009200000070000018000060400
224|240806059000000000000400380700002001030000020800900006016008000000050000980203015
225|002000000400500108007391000060005340000000000024800090000703000108400007000000200
226|010050300000304009500008006061000040000080000050000690102800004800703000009000020
227|070000008030602050500040002008570000300804009000009800900020003050903040100000090
228|000091070000640000000802016506007300400000002009200105060409000000068000040730000
229|030040090004000760700006008000032000040501030000860000600200009085000200070010005
23|000008000500090008408352600009000200680000035005000700007439502900070004000100000
230|400003702002000000050070090730008600000000050506900070060040010000000400908300006
231|200700004009010020040005600090500010710000045080001090007400030050070400100008007
232|500000083040506000001030500900000060000324000080000002006090400009100020820000001
233|005002100000940000900008046030000890408000207070000060560300001000025000001000000
234|040000030650000009000325000000030900001487300005010000000002000800060051070000040
236|003005009000700300040010050076008010050030080030900560060050020007004000200600400
237|060000027700000000908070150000490030001702500080053000017080306000000005640000010
238|710090030005000000090508400008040000100000086000070200009007020000004700020030018
239|000000000009473000030010005681050000000000000000020913740000060000286700000000009
24|000000008600041000083000010002104800900000001004007300075000940000960003200000000
240|000700090020040000040090703000600000403920508000005000801000040000010060070002800
241|000200007040010680001000400080100000090480020006003050002000700079030060500004000
242|030108070005000004001030002050309080000040000090806000300060500800000100040000090
243|000096000001000204030800090000082000708050106000360000060005080802000500007030000
244|870006102050000007001000000020601054000705000930408070000000900600000080203000016
245|090000000705001000003008900900040003067000250200060000002607800000300075000000060
246|100006708000750000007000030008500307070309010305004800040000600000041000601900004
247|008203700603800900000000000030006017500000008860100020000010000006000405002609800
249|000264090027000000000000056003006000010437080000500400870000000009000730000021000
25|002305700050608000000070020500000906000702000301000004040030000000806040005907300
250|010006080067309040500000600700020300000903000002040001005000007000508430040100060
251|400200000001008502350010080605000000030000020000000406040020071709400200000005003
252|530708000000040000018000000300900006074000280900804007000000590000010000000506743
253|300000600800090004050300080090040500000902000004680070040001007600020000003000008
254|706002000000000300040509020100340009038000000900087003060008090007000000000200804
255|860009000049650800000410000004000008073000620200000400000045000008061340000700065
256|000683000230000009000000500900302700070000050002007001001000000600000047000549300
257|000005009007209100000030070702000065000000000310000902090010040003604200200500000
258|500048007000000000640005020900001006070030010410800002020900068000000000100720009
259|000100030100000095073008000700060000005904700400030009000200670980300002040005000
26|400010008003702900020000010050008007000000002700600040000000060004506300900080005
261|170500090000000070045000200800094001700030002400680009007000820090000000080003045
262|002000000000601007300708600956000002000000400800300016001203009200409000000000800
263|000000000400025003008300015105900000030000090900004006750809300300260001000000000
264|005209700400030005060000010092000000701000608000000490000006000000020004006501300
265|080010590090000000000400760000240003000000000500039010048007600000060030056000020
266|500040800090706000006000009360000185000000000085000046700000600040309010009050002
267|000000000402060009507030000003400000940501037200003800000050182800020406000000000
268|609020100080000030000501006000058400700906003004210000800105000070000010005060802
269|000600080000005040009000100010009005000102600670500090004000900050780060020004000
27|000605000001400600080000070700000409090000050304080002040000060002004900000162000
270|000010000007802000090000050800750020003004560040068007020000610000209800000030000
271|000006000250090040000020010570400003060000020400003057010040000090050064000201008
272|095100070400600008600030400970000003000803000500000047002080005700002004050006100
274|009120300100804020000000008500000079001090400960000001700000000030402005002069000
275|040205001600001003008030000050302000000000000003504080000020400700100002800409015
276|005300010000070000009008406804700000900815003000009608508900100000020000040003900
277|000805091002406000000000000059000106001000308804000250000000000000904500710253000
278|000001040008740009004030100063000700500000002000000090002070300600095200070400000
279|060900020527060300000000006052000004090507010800000600200000000005040793080006050
28|001000500005020300060000410500286000020703050000954007056000090009040800002000100
280|900020000003005104005008300090000070000301000010000050200907400408600700000030006
281|000903000000000190000001203790008035002000000640500070006400000038000400000107000
282|054090300000000000000602070009050830005000700078010904060905000000000000091030040
283|060104000700906000030070000040080030908000406050060020000000080000305002000001340
284|002108900000050003000900060380006007004000300500300098010004000200070000003209850
285|360005008004000000009003205000580701000000000403071000601700500000400100000100092
287|000004390007050020000320006000061042000000000460870000780049000040030100025000000
288|000000000350090140801000500000014600120000094004930000008000706047020015000000030
289|040607050900030760000000004030800000020000090070005680300000000098050007060009040
29|003709200001000800070000030097100380010020090052003160020000010006000500009305600
290|000300500060009000200000401070100064000602000690004070000000003040500000005208000
291|000250000000000007200006008002030800007109500008005300801700004600000020000061000
292|900870015000250000000000090490608007006000500800700064010000000000002000570031006
293|003501006040020900000600080400030075001000200950080004030004000005060040700205800
294|209080000000000003000006007007005010804090205020400700300908000400000000002010409
295|001307200400020005000005000140000050057000160086000047000800000800070003005901600
296|009010070000608400300000000020400086000060100710002030000000007403906000000020600
297|001090008000014000007006050400000500020030060509000201000800900000250000300040700
298|000607000000000250840090060009200030050030040070105900090060073028000000000001000
3|040000080005000701086301950000904070000030000020805000074108360601000400030000010
30|000000000708050104300109006000000067001503400930000000100708005005040702000000000
300|000002060800009305030070040003050000700801006000020100042030070905000003060000000
301|090000070068003500007005000100060800046080900009070005000200700002900340080000090
302|004600130010200050703000000400030000002968700000020003000000501040002080086001300
303|000900000809070005000000078002007009004605107600100500420000060700020804000006000
304|000208000080405070000070200046000701007000300805000040003090050060003090000801000
305|000000000004801002027090310000000005090735060400000000069050870000602100050000000
306|380040005000000016005009800000453000400000003000617000002800400890000000150060028
307|016005400000200000005070080000680070500000001030009000070040350000050000001300260
308|040169000370000009000000000408030000060000040000050106007003000000000065000876010
309|024050060009000100105600000806100004000900000000006703000003506001000400050060870
31|007208300400507108000060000620000094000000000980000051000080000809102006005406800
311|200000000030020090059106700700002000008050904000300005002801560000030080000000007
312|006001000801090640200000500400100000002030800000002007008000005537060209000300400
313|050000600004503720000010009680004000002060300000200070900080000037401900000000050
314|000504000730600010640070090027000060300000008010000350000050082060009031000206000
315|200670008000400000000080901018003007040000090500700600002010000000806000400030009
316|001000000050040920203009800090003540000908000017000080000700104065000070000000000
317|010000040040025000007100002000000850000400000526700010400003600000610080090000020
318|070000030090000800400703200000306700087040620009502000005201003006000080030000000
319|062000100000054900005060003010000300000005040008000020600030700001640000083000690
32|000000000010050890900102000050309017009060500860705030000506008034010060000000000
320|100040003006000050200605000072010300400070002000030840000203000040000200900050000
321|000900030000501000008070120042000705190000062005000910079080300000703000050000000
322|902600004500900000036000000350702060008000200060301089000000950000009002400003806
324|040097060050000700700000901000040600400600013008020000105000008009000030030010050
325|350000080000308000007900201006000004209010306400000100003006500000509000090000018
326|050700000002400010100020007046005000020109070008600350800030002030000900000007030
327|080010000200000006503040209005000300000709000004630000008090103100000004000050090
328|360409000009000030500000209090041000007602500000530090706000004050000800000207015
329|000087000800401900090500010084000056000000000052000790060000020009800005000130000
33|004000600020008050710000002009305000000904000000802100300000017060400030005000840
330|700000003000601000020030060600000809070050040908000002010020070009806200000000005
331|074000000300240705500008030000350800000000000007012000020400003801025009060000280
332|600800004000000260357000000000009603290050018804700000000000530083000000100007006
333|002000504003840000000060390000000760100080002064000000075090000008076200200000100
334|002800600010900020500002700005010890000060000048090200003400002020009050006003400
335|070001000400800001005002006010965200000000000009274010200500700900006008030100040
336|000090020000008300007200608400005090050000030090600001706039000004800000010050000
337|000069000600700030004080500400000698067000450205000003006070300030006004000310000
338|000000100000060027020703050700600002000000049600008003090204070140030000002000000
339|002649080900000000040020050600000500014508360000000004090080030000000005020374100
353|000020040009005600620000700908600500000000080703009002006000073005200800010080000
354|020000009003096000001500070006030907000409000008010400070008040000170800600000020
355|030006040020070000001003900000007000740012069003800000008600100000020050060700020
356|000100008000080305040030070007005902010000050402800700060070040703000200100003000
357|000016005300000024000730000004800053800000006590007800000079000230050009900640000
358|000020080004900205300060001000570060001000000070031040500080003809006000060000000
359|001080700400000905000205001080100000006000400000803010700908000209000007004030200
36|560000034001000500000568000700902008004000200100804005000237000007000900340000072
360|000500020780090040060030007910000200000000000002000083600080050400320079090005000
361|000070901000000000070908030400300050080000690610005003030207040005000000706010000
362|050000012008607900002000000030702090001090400080103050000000500006904300490000070
363|060102000040070000900500002080900020005000604097004010100005007000030060000801050
364|009061500010000079000000000405970002000804000300025704000000008630000050007350100
366|000068000070000080400500002290000006007903500300806094500002003020000040000750000
367|009080100020006080003000000000607040000000000087501030001000307060900050008050900
368|400000075000200000030070620500900000740103002000006008008060090000007030090000006
369|000702310000006200000090040700000500541000623009000004060080000008600000035147000
37|503000108020901060000080000400703001002000600100604009000030000040506030305000206
370|008100069090075810000000200400000005007080300800000006006000000003790020780003400
371|032100400100040000040090050004500600000000000007030200020050060300070008005008370
372|012090000800600000003071200009700402030000060206003100000460900000002004000030570
373|041002600500000000007091300090005040200060007010700060005610000000000005002800010
374|500030090000060740900008000000200605000000000802009004100000009064800000050010002
375|040620008003000700600000004000700000086050930002806000800000009001000600900034010
376|900000008010070006420500030075000300000010000009000840050004081800020070000001003
377|570010063300060102000000000008001200000532000004600500000000000103070006780050024
379|005000602008030700000600043001004500500902008009100300050008000006010200802000900
38|008060100006002740000000000100005002800401095700200001000000000047500300003080200
380|400000008010009006605000000001096000007301200000780400000000302200508010106000005
381|005490000000000007020003640000280010000109000080047000058900470100000000006054300
382|030050014000000902100000700050040036000507000810020070908000001401000000300060040
383|076090050500000800200000061009100000000400000000203000800000006003001007040080290
384|090020180500004206000100000950000000008010300000000047000003020400500003062070090
385|003060710700200003000000000004600030100020008068005100000000000500400002041080300
386|900000020000300000046500080500060000010080040000040003050008900000001760120000008
387|004100300600004000000680500500010043038000100420090008005042000000700005003001700
388|000007001010009080906003005500900006030010040400006002100600204060300090700500000
389|050200000090000720800076000005092400000010003007500800000160008021000090000005030
39|006402100040000090700000000860504020900070003030201078000000002070000050008603700
391|009002800400090007010005000060070040007010000050000090000603000900050002006400300
392|200000000018000730000683000300006070040020180080700004000961000050000410000000000
393|020500076100006002040209080300100000070000090000005008080602050400700000600003020
394|000004650020000080000010007003602000007005200000807540400080000000000020036000009
395|000070390800060400000002000078000003043100706600000850000300000001020009062080000
396|050078300020500000600030004090700000076800500000006070200000009000005040009180020
397|007003080000705000005040030800094001000000000400130006090060300006001000010050900
398|000000003000006450000020060027003000009402608000600920080090000090730000500000000
399|600000020050600000200003001000130040090080050010096000800900605000002080170000003
4|005300600020070040000010008300400001060251080200008004400020000070040090001003400
40|004000700370000064008004300090602000030090020000307050009100500540000036003000400
400|100400009008700030000200100003020970080000010067040500001000000020005800700004006
401|708000009002006700300001062000540000290000075000002000180300000007200300400000501
286|700006034000802760000000000030000086060507010800000040000030000028709000610400009
299|000860000400005009070040020900000602000000800201007005010080090600450001000003000
310|090020100000807060000000580024003900000000000008201730016000090040905000000010050
323|200001080600000019000050000000780060007502300060030000500040000170000045090800006
34|001000600080203050020050007038000040000806000090000200000030070050701080003000400
352|000902070070100005000076400104000900500090004003000106007210000200003090060705000
365|070086050009000300000100006004900600000008000005004700820007009003000400000230010
378|009260700000003000030750002500030008002000900300080001900070010000800000001026305
390|530080970000070004000906000050000007702000601100000090000203000600050000024010085
402|000160000000300070800000349500002700007000200104700003391000007060001000000093002
415|103000200000056800080000040300905000200060001000301002050000030002670000008090706
428|000305008050000079002060001010004700000020000003700020300010800620500030500403000
403|800600000520000800041500090070001080000080700050900020090007210004000006000009008
404|080300040000040200000102008004009800806000100002400500600900000001070300090003020
405|040701080500060000000000407002006500600000008001200700109000000005420001020108070
406|900050000060302000005901800603000054000000000240000706007003680000204010000070009
407|408000700500090068000000090000003006600784001700600000080000010370010005004000607
408|050000040009070105000403000006000901000206000503000000070309500905020600040000080
409|060000020002306100000007680100700008807000506000002009039400000008103900040000050
41|608007905029000640000000000040806020000000000050201060000000000087000150105900204
410|040050830600007020000400000070560089900000001380071060000008000010200008092010070
411|000010040000006500040800760082300004400060005900008230053009020009500000020080000
412|200000008050003410000005007030600000608007200000012090800900000074000030300000005
413|002009000900001004400520600730000009095000840100000030009013005300200006000800400
414|006090800140080000300200000000500002609020704700009008000007003000050010007010900
416|000507630060324000000000005030005020021000780090600050800000000000743090054208000
417|000400080006000409090000020300080001020309060500060200000000095803000100040001000
418|980020010005708000300004000700000006006502900450000001000300008000807200090000063
419|000001070060090281700000905300800000008050400000009002907000006632040050080600000
42|620000034000070000005100000008200605000000000103504900000603700000020000390000086
420|005702000670040000908000000009031000540000001003080400000000604000020087000605100
421|000509000009070800706302005072000009100000006600000730200400600004050100000108000
422|000900010090020530007000008000500007006107300008006400500000800062050040010009000
423|907000001080010400164000002050801040000000000070905010000000059008070020200000106
424|000007090300040020400000705020870040005402100000053060106000003080030001030700000
425|090030000400080290005002400020043900070000060000800040007500300030090005000060010
426|002090800040703900000000034790000600000010000008000053680000005009002040001030000
427|040008000300000007009050400073100950000000000054002710008000100230600000000900080
429|001900000004300000080070090070000005008506300100000040090030070000001004000400050
43|002050100700302006009000400907200005400000001300006208004000700800409002003060800
430|060000050300900200040010080000720000025308690000059000010080070402007005050000060
431|000560000004000609700030100000006340009000200026370000100090003502000800000045000
432|900503200007908400000000000010050000060000040009070810000000000004806390001007005
433|001000900600000080900507002200400000070605040000001308400209003890000004007000800
434|860000030300008105000702060000070000007000900600180000090804000500300004020000096
435|040800200000050000786000400003000910000903000062000004000000183000070000008204060
436|800000000020090053000604270050000000002805100000001060037900000001070040000000008
437|240000005083600200006000000000054000920030048000810000000000400009007010830000096
438|001304900090080070000005020004030200900000003002051600020500000030000010000406500
439|006000090800050020000604038003000000080369050000000700910705000060010004700000500
44|200100608080305000000080000309000200050000030008000107000050000000002090001006850
441|090007040004090100700050006000005002028000460400900000200030008006080500051400030
442|009000001800003000070002006005400200200060807001005000400600030000700009900000608
443|000907080060400000007030040910000050600000003054000106040020700000003020030105000
444|800000004020719003000000070000200900000150060003007000050000000960803050200000008
445|900000000800065200015080300000002040140000029090400600007010950001520003000000008
446|000100050003065800060700000105000600030000010007000304020004083000630200090007000
447|060005800030148000020000040082000503070000080406000210040000050000492030003500060
448|000060008507000200000001000092005000600030009000800450000200500100000704900040600
449|004003095970002000000000800090040520800000006061080030007000000000100080015300200
45|810006200000010060700030009000000000072000910000402000000020004090050000005008036
450|010090085300000000005603000000036100080000060000215000007402900000000004920070030
451|210003080000070040005206000000000003300805012900000000000604100020050000070901050
452|300002005000300090067000430030405000200801009000006010075000920080007000400200000
454|002900041600170800900200006000000400070801050008000000000007004001000009790003000
455|504009002002000006710000900000030004057000820900010000006050089100000000400800603
456|014200600906000402000060000000500300020319080005008000000030000703000804009002130
457|000800000034600900800020304200000408040000020103000007701090005069007040000006000
458|000000100000300009030400070108000046306801700970000803080007050200005000007090000
459|400000006000206030070010000700090100030108040001020803900080070080702000300000002
46|000021400080403070600000009060000300000504000003000010200005007090208000001000600
460|009600000260008900700010000610000030007000600050000087000050006004100253070002100
461|410068000300020000060009020001000200900100007007000800050000040000050068000740052
462|000200700708901000020000004002030009100400003400050200200000008000603501009008000
463|080020000006800050700904000950000000460509080800000070000203001020008400000000090
464|200100700804070300060000080006900000400020005000037600020000060001050009003004007
465|002000600041005007705000001000200008000409000300001700500003009000600240007000300
466|004301020700000004000094000300000500509608203007000009000900030900000001010205700
467|100806002000000010008090000500000096009504300320000001000020100070050000800307004
468|508000690700009508600000007000704000070000056000103000800000003406200005009000402
469|000158000010000507000000004000007009080004023700920000800000001206000040000763000
483|100090068000000000000260004600009701502000300801700005400013000000000000260950007
484|000084010700060400006105000060000090804000305070000060007002900005090003090650000
485|006020908100900000072031060003600000000090000000005600060350720000004006205060100
486|060304010900000000000010072070040005000906200000080030450020000700000008080701020
487|000020003000001000004060827501000390070000080032000706605090100000603000800010000
488|000040096000301000020070400307000500000907000008050709006030020000406000453080000
489|000009100230507006000040009090000031503000007470000060300080000700906084008400000
49|070500000200000000001608300700000005009007010500090002403706900000000004020000060
490|000400000408000006100079200065100070900000002010003060009820004800000507000007000
491|000090100080000060630082040000530006000807000800029005040270083020000090007000000
492|000000000710000006800240700402500600000000000000007908206075001390006027000000000
493|000073900000290070030000006500040007009000650200100004700000040080010000002960000
494|020004900004000010700520806109050000000080000000070103600003007090000300008100020
496|400600802302090004090000000900034000050000060000520007000000070503060109600001008
497|500020000000700090004000000010405080206000409070208030000006800930002001000040000
498|400090002007000900000043080060800000700204003000006010020380000048000200900020005
499|720000001000001400000080690057040800400000060003090210012060000006300000800000056
5|000280000600007008009300700010000030060501040080090050008002100700400002000003000
50|000050000009000300700281000080007050001000400020006030900410007003000600000020000
500|500000070100000308000763000003009506070000020205600007000016000309000002040000003
501|000090000050001400007000503004010008060905030700080000205000680008704010000000000
502|300050004002009008070100000006500802020000010004002600000095020400200500000030007
503|070104000310060000000000004280350001090000020100070096800000003000080042000507010
504|000400807000000090530090060200786001000000000100209006080030059050000000901002400
505|204009501050000070703000020000060007002807900500030000030000205000000090105700603
506|080902100021000090400000008000130700000050006007049000100000003090000580000304060
508|000060500000700002830000000002080406080007000001000200026000074400003000005020000
509|400000000030100050002030708003005000204000109000800500305080200020006070100500000
51|000800500002700300070000040200060000700508002000040018060000000008009200004001060
510|040000980005040703009200000000920000020861040000074000000005800308010200060000030
511|009010300002306000000000005060000809050700000400200060100020000000601700007090600
512|000000000030040020000106500600400009070658030800003007004005000090020070027000000
513|008100600050000098000090030001070006000802000500000900010000000470003080002906400
514|200740090036920000000008000603000070090600000050000409000500000000061340080009006
515|900020040000450100600090007804000070000307000000000903700010004009034000080000005
516|000007005009000300280050006090080000002000600060020970100070023004800100700000000
517|009080602500300400000900000001000003273000965000000800000001000705003008408020500
518|010903000083004050904000000008060020030402080020090100000000508090700210000109040
519|001400700050007090000008000010000563000040000726000080000200000090600270004089600
520|008500690163000580700000000000600004300090008600002000000000005039000816017004300
521|400003000025090136090000000000610402010000060207084000000000050109040820000300004
522|000060000000200180003901500076400005040090070100003240001709300025008000000020000
523|500000000062030800080000260605007000000002070000480300051000080008070490000000007
524|006090001200000090059008260000009050008000400040107000065900870030000000800050300
525|070010000003209000024050100060000200000682000005000010002030670090708400000060030
526|074005030000800020000091000900004008000060000403900007000240000060007000042300710
527|800030002010625040000000100680000300050702080009000065005000000030574000200010003
528|090062000001000005000100240000300006930050001700009000052007000400000600060980020
529|002060000009570600040000090050090000004307100000000080020400010005019700006020300
53|800301009009070040000000000051000460000090007060000200000000000034080900106007008
530|070020000800005000562000308010000800390070016006000090901000287000700005000030060
531|048307000900000000006051070709000300000208000005000406070093200000000001000805060
533|026000084804060500500000000080003400000104000005600020000000007003050901760040300
534|003067004090000007007903500500000000000308000000090008008204900400000010050780400
535|001009004076040380000306000000007003004060800500100000000602000095070120100900400
536|900830005008000709050079040009600000002000500000008100090010070203000400500026001
537|009000000600107900807500003000704120000010000046008000400003709002906000000000000
538|203007004060000390000003000790300006005704800400005002000800000051000020800200401
539|200900000058006100030018070063000800800000005005000320020460090000300450000009003
54|000702000000000003541000000070050028003100900050090070000020091800000007000305000
540|600300002000009070009060800000002508008050400502100000006040300070500000490001005
541|000000010306007400000900002903008005400000006000700104500401000007300600040200000
542|000003901000060080400001002070000804060000010103000050600700005030050020009640000
543|400930080800006003000000510000405300900010007001209000068000000100300005090087002
544|400010006000020510009005400620000087000080000830000091000200100018050000200070009
546|005280100010000005908000400400038000002400500000920004009000300800000010000061700
547|000085104000600080000709600060090070004000902010030040005007000020003000103820000
548|004300600650108020000060000305000006100000009700000402000070000080009015001600200
549|709003806000090700040706000000000008070209030500000000000314090006020000007900201
55|050300940004010200000002000001000009800540003702000000000800000007090500003006080
550|004500020012400300000090070000069000103000409000320000000040000081000540090003700
551|050004089070030000006000100000083500810702030005140000007000400000020050080300060
552|700010009000304100020900080500000060030050040064000007080007030002801000000060004
553|005400900040005060900002030000000008060003050200640000070200003000500070003007800
554|052000169000209000000060030409000020005804900070000806030080000000107000127000680
555|740010000200508000008000200003607801100000009005201400004000300000405002000060074
556|002000030070010500500907000780400093000060000310009006000806000005030040030000600
557|170000039000015006002400000340000065000000000060004087000008900200390000700000010
559|000948600902000400000200370500070006000804000300050007063001000007000103009327000
56|800001200400768000010000000020500030006020000000007040000000050600954007008000001
560|307020504020000000005070008086004000000705000000600030100050300070000090204060105
561|000090000020400060870000501700005600009060030006300008608000047040002010000000000
562|009100300050067040400000000640091000800306001000750086000000004020630010008009200
563|000509000005430070000080003530000020048000010020000068300050007050016900000304000
564|087903000600080000400000036003000901060000020804000600040000005000620007000701380
565|480010600067000500100000070005030000070104030000000702090000007000000160004060093
566|700016030030000000600002007408100000070000040000005206900008002000000050020730008
567|020000050007009400068004100001080705000000000406070300009200810003900000010000230
568|000600057005400100300000000700908400004000300000170002000010008001006200430005000
569|000009100010073050004010000009006804000000000603700200000020700050040090008907060
57|000000201090000000700050008000804030010500006050309000600070000070000090508000300
571|300000080000090050000104060400005000006010800700906003070602000020000000040000037
572|000006004700003000010080060500000100000135000006000003080040090470900015900700000
573|000305000706080500000170020900000035007020600020000001090041000005000400000803000
574|400002008090000200000945000020000800009861300003000090000624000004010020700000003
575|103400600000000000070650200084009000630000010000300420009020040000000000007001306
576|800205004600800090000000000020090030590000048070080010000000000030009407200708009
577|600000308000700004010050020500091006000802500900070000050060080300009000401000005
578|380007000002050000700200104200780006010000090500092001903005008000010200000900047
579|000070100010205096400000008001000800000369000209000500600000002070008030004090000
58|000040080001000706000008200500620000040000060000007003004250000802000900050090010
580|050004108000010026007800400000308000009040000000509000003006900940030000708900030
581|000065100200407508000000020600080302001000400509020001050000000402103007007900000
582|300900601001000700060000090006740830000800000087013900010000080005000100203004006
453|020007130007800600800050002100030000008000400600040007700080009002004500051900070
47|000000000740030000000907045050704080000000200070206030200401000000090060001000900
482|003806504050020000000003000010400000009050400000001920000600000600010070105904800
495|072000640000010000009000105000309086008000700500006000205000801000040000016000570
507|500002608700401000103080000004003000070000020000500700000040102000305000801000005
52|060078009004501000000000700090605030000000000030200080005000000000704100840900060
532|970010000060004000480070060000007003800000001300600850020060087000500090000020015
545|042070030000804000000010070008000507020000090605000100050030000000201000034790680
558|081076000090502008002000600030000000908105204000000050004000300700001060000750420
570|000103000000000700705200801070820000500000009000039080903007608006000000007904100
583|200005000009060000080030070920000310070201050008000046050000030000000500300700008
6|003020500000503080200000004020050010601802907080090020700000003010307000009040100
584|000005060000020900690107080004000210500000003032000400010400029007060000000300008
585|000900100010703049000000620900604000400000007000200004693000000050302010008009000
586|004000703500000080003802000000054600300060004006270000000105900095000002802000300
587|017008200080003001900010008000500020030070060070009000100050006700900050002000180
588|070000040200010030000607005090000007008000100400000093900201000050090060040005070
589|500000062400090000000103000807200300000006000006010208000401000000080000240000039
59|900001002005000300300800006040050090100000007060080040500306000002000600000009008
590|000000001900708000270000960054900000000610000000003170091500046000800002300000000
591|000809300308070600200000000001304580000000000093701000000000001004060802706908000
592|090203000086000090000000000000069700004705060001300000000000000050000820000804316
593|030000060002506000006980510049000070000010000060000950008047300000208700000000020
594|001006500800000000605913000000090071097000380160080000000148702000000005004200800
595|600030004010000030080000215006500000000708000000004900259000070000080020800060000
596|000070060800100009000600210980000100005090400002000087050037000700004005030020000
597|000000700008500010060103050010025400009000100000400030070906020020007305005000000
598|900300000040005000002046700038000900100500008009000150004620800000400090000107003
599|708009000000800000100203004840000061000000000962000053400306008050001000000500609
612|094200080200007000000500000040000060503000709089000010000005000000806003001009420
613|009000600070109005030050020007090100016000380005010200090020010100507090003000500
614|000680020006301800040000000700000010210000068060100407000000050007800600000029000
615|480010000000000607060005190020009001000824000500000080031400000706000000000070026
616|703000000000391000080000000050003200400207609007900000000000010000856040009000508
617|006520900005409003100800000071000020800000006000000470000005002300004600002091300
618|001540000070080001000600070003800200580000096004000700000000000900010034000034600
619|200003801070000060009001400005060000007394600000050700004800900060000010901700004
62|790000003000703000080050000100300008050060400900002006000074020000800000300000061
620|000070003506003400009010200600000000007694800800000004005020700002900005900060000
621|800000004009040700020506000500000040000060000970008003000873020004090100300000007
622|610000083090000607703090005000207000006000400000804000100050200904000030030000091
623|671000008000208000800070041300800007040000030900003005590030004000709000700000196
625|070040020600800050040056008050000000006903200000000060700530080080002006091080030
626|010000000000108003603000040000020500780004039009086000060000805300701000050000010
627|001069400006800000700005009005206000800000001007104200300500006000001700004690500
628|000000009001300600704020500002900050006000700010043900003010002000008000800070000
629|000010800100060000006409350002800000500000004000305700084901500000250006009000000
63|000004000730000056040300090000090300200000007005060100090047030600000082000600000
630|050200000800050201000060000000320070910000030070096800000070040704000003000005060
631|000004003042050000000100000190003000803000502000800034070401000000060780500700009
632|010007030000050280000609000200000300036010920001000005000402000068000000050300070
633|407000806610080020000600000200450090000090000090072008000005000080020037102000904
634|070000000009400073401000090060951040000000000000368050048000509920006800000000030
635|005006030900000000004103900006007400019000200003900500001705600000000002040360100
636|000001000000090520002450001080000104350000067106900050400063200067010000000500000
638|800203006000050070060010003300000060001020500040000039400080010070030000500900002
639|800200700030050020070000006020740000400000001000106090600500010040080050008000003
64|080000000620000045000360007000200900060030000001007000409050200170000069000000070
640|600015004000300000310070008008047100030000040002160800200000051000004000400530006
641|200500000083064000010020000300900000006000214000002003000000030000170840000605007
642|300200000900001006000097030000006000074000810000800400060720080200900005000004002
643|050071003000309000040080060000005090200000006070000040060050010000903000800710900
644|000140900000605004000000035580000090000206000040000012860000000100700080004063000
645|800000000005040100190002034007500020030000040060007801750000080004020500000000003
646|406300509000040060009000200000001050040862030080900000004000600030090000107005308
647|070020010500300007063700800000100000400000900000004000007003640600005008020080090
648|004000000600020000070600840080003100300207008005100030098005670200090004000000000
649|010070060000006000700050408800040200020017040001080005209030006000500000070020030
650|010000000002109000305020001001062700500000004006750300200080407800205100000000030
651|058070920000620000070000030000400006006000300200005080037000000000016000069050210
652|300002008000007200900000070000103400009060500807500006080000004004900000500800003
653|000103000007090500100002000009000002400605009700000140000900007000060300000831020
654|009003006800000024000090300910070000004000500000080002003060000450008003100900600
655|000090004000010300003500986100902000070000060000301007934006500001020000500030600
656|000009005760020010098000070002300000040605020000004701070000150080030004100900000
657|000050003005009700030102090006000028000000000740000300010700064004600500900080000
658|020000030005600100100090500052700000000304000007009050000030005008001900360000070
659|790500000018004002040000080600010000500203001000060005070000020900300010000708054
66|002005000000000007000187900097030018400000006020050040006001000500000009000600300
660|000000003090007010300009802000090085001000200860020070409508007030400060000000000
661|090000008800300051005020400000870000210500073000032000007050600320007005900000020
663|400060000809000600070000009005630020090802064000071800300000040002000300000040005
664|000060007060003080407000001008400000610000098000009500200800009050200010100090000
665|108000005004090000000002610000007400080000060037500000001900050002030700800000901
666|000005004600021800500070096100000000085000610000050002320000001001460009800500000
667|000000097400000800086051400300705021000000000610403000005130970003000005170000000
668|000410300020703040080000000000004070300000005060805000000000060051609020609047000
669|000900000000870030009002700507030004081020970600090501004500300060041000000007000
67|000504009607000300000200001260000003005070900000000082300708000009000600400100000
670|000809003500003000006000902208010300001000600000520400103000800000000009400701000
671|200080000090700040008000120076040002000000000520030060047005600080004070000090003
672|001605000002000040570040030000009000280050019000700005090080027030000100000506800
673|000006000406020701009070008000300040005602100010007000700030600602050409000900000
674|000204000000070600845000001080600070960107042010003080600000219008000000000906000
676|003000900400070002050000040900300500020506070005100000060000020800020009001000800
677|040060010100300700005080200200073008400000007700620003002010600000005000000030080
678|050000029000127600000000000001090700640030001008050200002000000009804000370000080
679|007086403000000000400500071730060500000010000004020080570008006000000000109640300
68|005000000030002000010908730400100007000070000600009025068005090000800040000000600
680|001800200203000050050090003000070104010000020605020000500010080030000701009006400
681|000601009700800451000000000600703800070000040002009006000000000523108007100306000
682|003090060080700000004008201000049002002000700400170000207400500000007000010030470
683|900010005007006000035000090002009080008007200050200100020000840000000900400390002
684|900000023004700000080420090010290600500000004003005010060041080000002100030000002
685|000060000008050901070008005090001020302000508040500030600804090403070200000010000
686|070205000401000902000400000003702090800000007060108000000001000602000801009603040
687|004090000050001080300000700007204105002000000600800300009000003070100020000070500
689|400002000200030000001000090810905007009000600500701040080000300000020005000607004
69|003005060090000007000703100030060200200040008001000090009100000800000040070300500
690|060027500100000020970000000700300080000805000030002017000500092020000003009260070
691|008040100000205060200009003090007000000914000000300510400800000010006000006050200
692|400103000090000060050020000002409300900000007005301900020010090070000540000700003
693|030000400600000008089403002000900000010020089000007000300601850700000001005300090
694|000000800900600005030502700154000000000000000070000451063905010200004009007000000
695|000020071700360008001007060530000080007000500080000039000100700800074003670090000
696|003907000000010060010402000058000000140000058002000490000604080030080000700103600
697|002000007040090200006001095600300000000040000800005003750600100008030026000000800
698|807000004030000600600107000095408000000020009000903820000805001008000050100000403
699|025060010000000000780010030201006900000000000009400805010070050000300000032050470
7|007300800400000005050008060000702030043000790010903000090800040800000003005009200
700|000703000900000001040000050200050007006080000801090003090000070360000042000902000
701|009000030200006004810200070300060000750000002000040001000008049900700000030020600
702|046030950900000003020000060000845000009000700000197000030000070100000002067050380
703|000809000002000300070100020700500000610000049000007006530008070000000200000706050
704|700000000006400310050090020000007000600981005000340000080000050031004600000020009
705|700140008008037100020000000000000420076090510045000000000000030002760800900028006
706|000109030070050001008040000690000780040500010017000002000010900300070020060802000
707|200030001086100400030000000060400900000805006005000010000000090003001750940060003
708|030010050060503000705008006001000240600000008048000600300100409000305060080040070
709|000418020600007008000000700864000105020000000009000063001000000200900004080165000
71|200109400080003000007080000920500000600000001000004025000020800000900070008401003
710|670080000040020039090100000000400800900000001004005000000000090380070020700250084
711|000002600200004009410000050800070300000500000004010008520000036100700004006200000
712|000000573070092060040005900300010000064000100000050004007200000020130090439000000
713|040070060270050009160000007000246000700000006000713000800000014300090085010000070
714|006000000800003040004080907080700002010060030200008090102040300090305006000000800
715|090700000030480016008005700085000070001000000020000350009500600210060080000002040
716|140050037003000000009200405000004010000020600080300000708002900000000700290010056
717|720003006040100078000800000609000001080000090300000405000002000260901050800400030
718|500073902000000070000040800400900060206000700080005004008060000030000000002014003
719|038004090900050008000000000004300000310060025000005700870000000100020003090400670
733|000000001002070900600590308160309080000000000090805013701006009008050200300000000
734|000080604083000000560000000800205700030008010007600009000040021000000400905010000
735|000003210500060080900400000806700000002030400000000108000006001030040006079108000
736|470500060009000200020800000090701000800000001000408090080007032005000400040006089
737|000054090007000100300006000570003008030000050600900013000200007001000900020469000
738|020906503400032109000000000009004030500000007010500900000000000601720008705003090
739|360000000095600100000014060002100700600000003009003400080750000003002800000000097
74|000009040100040006700005000020406000006050900010902080000200005900030007080700000
740|070035000005240900000000001000068023500000004620090000000000000008056300090470080
741|804000207003001060000080100001002005020050000900400700008070000000600900302000504
742|007030000600204000030000007840007009009000120050100008500000070000509001000060800
743|300070004000000070000392600004500207030000060601000900008930000040010000100050008
744|040509020000407080005000600200008003058000210300200004003000900090704000080002000
746|003008000050601800090700050700000200005000100001030006080007010009302000000400502
747|009040300006000009000300470050002060000030200060510030078003000300000800001090700
748|005060000060007030049000800002075100030409080004630200006000310010000050000090600
749|003020400070000000008005000000062004010304020300780000500130900000000015007000300
75|000068000020709010001000004057600090200080001010007540500000400090506030000470000
750|000012086000000090802000300400109000070403060000005001000000100045000000730960000
751|070000040400006003021095007002570300000000000009028700800240530000000009010000080
752|020007060008100400301040000030502000000000000000301070000090800005000900740800020
753|008000000300800005000090600602000008000107000000020903005030000807005402040000100
754|000000590000106000903000600014003700080000061005800030007000109000705000240000000
755|000239001070500900005070200600003005000000000900600002008910600009000080300065000
756|060000053000000800010203700070500002006070400300001000008009070004000000120000039
757|050007060030000000600005304000500402500000009904026000302100706000000080070400090
759|003000080600007000200104000000460070020000090010073000801206003000700002040050800
76|000090005040008070302000600008001000650000037000400200005000701030800060900060000
760|500009308000000400000750006000908065000070000940200000700094000005000000408501003
761|000108060002006000700030050900000320005000900010000008050080004000400600480902007
762|000000820070510000908020500000003000081090340009800000005080002000046080024000000
763|080705030720000000006200000600030008934000705500070003000008500000000014060109000
764|400000000000730008005064000078009300020040010006300200000270100300016009000000005
765|000090000020701080190300040750400800009000400006003091080007034010208060000030000
766|015000000080060000040001720000974000009000300000538000097200050020000080000000640
767|080000007200100000400805002007009400006030900000204000300502006000008005700000080
768|400007005020000000800056200004070000031000760000020800007040109000000540500900007
769|009000700203009040100000000040280006000010000500063020900000005020004608000000100
77|060300000301080090800670001030000100750000082006000040600098004040030809000005060
771|060050080059000300000601005600009800080706040004200006300508000000000400010030000
772|000507090140060200000000006401200000090805010000000309700000000003080065060403000
773|000000400081002000903180700000356000100000006000470000002013504070000800004000000
774|080300017100000042000007000300060100050109030007020008000900000000000089740002050
775|000000800200005060000940000009050780008010604027060900000093000040100003002000000
776|700602005040150000000000340062000050100000004038000720074000000000095080600000002
777|000700530000030100000402007004020001005106000100070360600201000009040000042005000
778|030007020200400001190000600050010000007508300000070050002000908700009004000800030
779|000590060000000100203006004500007400024000390008000005300100907001000000080043000
78|001030000900600000400192003370000590009000400045000087500319006000006004000070200
780|100000000004000006000376000009500100050407030006002900400613000800000300000080002
781|600000003074100090000040000016000048840706020720000630000090000030008970200000001
782|000950000502000800610008000061000090008000006040000720000190043004000602000043000
624|092000407080900020500000000000090003001342000700010000000000001000608050204000730
637|398010407004007600000000000000100006400695002700008000000000000003000800902080531
65|000200060007000502900003004000800050600000007740001000500900008002000405080007000
662|000200030050090040007108500608000073010000020390000800002900300040060010000004000
675|500009003060080200210050080900400008002000300700008006080060031007040060600100000
688|000802000090050086800007001008000900030400060004000700400000008750068040000209000
70|890010037700802000000600000009000065050000010180000700000005000000403009940070058
72|021000800040206050003000010005060000080704090000080400090000200010903080008000970
732|030020050800000001019050300004008000050301040000000600006590100000000009070010060
745|000090035000203600900000007004080000210400068000070400800000006052708000360010000
758|000007030000060200060804007072000005000000000908000640800300014006090000050100000
770|000080500000900007200000036003800400080010050002005600920070004100004000005200000
783|000080000000400108000006023072000500000502080004000610730100060509703000000090000
796|002300006300065008800700005000100403000050000204003000600007004900280001700001900
808|003000270100000009005600000040006008008502100020700090000004900800000001006000500
820|009008040800010000700209000001006520900000006058400900000604003100070004060900700
833|002050000001900200900603000400000972030010060700000001000106003008009600000070400
85|010050030300000000004306900005000380000947000062000000006109200000000004030020070
87|000103270300400009002000080005009800010000060007500900050000300900005002024307000
882|840000000000809060200503007080300005009070300400002070300207009000600000000000018
895|010000760060000083008067250000094006000000000200750000081420900620000010094000030
273|005000009900300060000006200004023906001000500300690700003700000080000005400000100
440|700010009085000300000207000008900000000060000050003610000304000004000050609020004
611|400500903700906000600040000008000107004000000907080400000000001000705002503009004
784|000000020900865004000000605070010040006000100040090230109030000000679008060000000
785|902010006080000000004205800000006000609804700000900000005702340000000070700030502
786|409000001500100900180007050000080090004903200060050000010800027005006004200000609
787|080305000400000000050240060904600007005000600600000904010038090000000003000509072
788|800012060600300007000080004906030400000040000002070908300020000100009003070860009
789|106000000038000900000081034007090000050203040000060800285700000004000700000000305
79|700000005006080140000006000090010070000298000820000030000600000068050400400000002
790|006000002740000008028000610000810060000304000060059000032080700100000039900000200
791|030000000000004050601030000008010600004327900002000500000060301026100000400000020
792|801065300000000000070020900000001700059070130003200000007090080040000000002150607
793|002704000008090000900006300020105000003000700000008040504900001000040200000503800
794|900307085100000030000010400001070000500902004000540300002060000010000002370005000
795|009000401060040000701009003037002690000000000024500130400800506000090040108000300
797|003000100805600000000071000050103008004000900620009040000390000000002809006500200
798|071260000009300070040700000630000008004000500000000026000802000010005400000031890
799|200100005000800007000073900005000300002080100403000600006540000500002004900000006
8|100000000000806000096000540900080012000000000230070009054000260000207000800000001
80|400001500037090802080000000000830020008000700010069000000000060203010470006900005
800|000000900006053080045190060200000109000060000708000005020006500010400700009000000
801|000019006204000017000002400900030005080000060100060002008700000520090304300120000
802|030172050200604010000008000960000030004000900050000071000500000020401006010726040
803|000000001600042500900600004005103000006020300000807900500008040003710008100000000
804|030700096002000400106000035000009001020108040600300000270000604003000100960007080
805|090106020400530700700000006100003000020090080000400000000000003005089007010207060
806|000100403000003090063000005300040000010000850000070002208000700070809000901002000
807|001050700040203000096800050000608500600000008003105000010009060000502030009040800
809|700030004000708030000090710000403605090000080600901000057040000030506000800010002
81|007000500000730000190208000003000407080000060602000800000607053000051000004000700
810|009005670500000084000070003000390000060000010000217300100040000720000008080600700
811|700309200402000003060020050000900000200080031000004000080030010500000406001800007
812|500000002060200034400007000090010000004000500000600080900300007020078010800000003
813|002000000030007540560000029006010054000080000970040600490000015051200060000000400
814|020600009600803000007400800109000000000000000406000307001004700000302006300009048
815|380047050097000060000002000900500000061070530000006004000700000070000310050460087
816|109000500500200093000105000000000907700503006300000000000709000040006009006000205
817|000603050400000000003050001007000530100089007045000000300070200000000043010408000
818|003000000097020350050007000078100500020705060001002930000800010085010270000000800
819|590007000002000100300060290080396000000000006000715040053040001008000400000200053
82|000807000601020700070000600090501020000080000050609030004000060007050901000902000
821|300805060002003190000049000120000030000000000850000071000430000010900600030508002
822|203040008050930000010002000040790020100000006030068040000400080000029070900080102
823|030009270800050000000010000600005107020000040708600002000040000200070006074900023
824|060000090800900070100047600030004000700030005000600020006590002010006040050000080
825|001000500020000086000283000000907000560040029000800000000450070740000090009000200
826|800020000020900080700000003150208030030604050070100062600000007040009020000030001
827|030060190000495300000000060700000904060000030503002000080000000009651000007030020
828|900604000800000002076000100030070010060001050080060070001000390700000000000402005
829|030000600000001000902030800070090450500000008014020090407080102000300000003000080
83|150800060007000504000700080009020000700308006000040100070003000304000200020001093
830|000040001000000370700063204000000005058010760900000000004850006029000000600030400
831|500060802003201000004000000090007020400000005060300480000000900000702100701039004
832|000080903086050070000002050300000042004070500870000009030600000040030820507020000
834|030600070600400800008070500009206005010000060000804900002080600001007002090002010
835|004607200800001064000900000350000020020070010040000095000009000700000008001203000
836|003050000050000010807103000008600403000040000901008000400309501080000060000060700
837|002500600300006005000470001000760200090000030006083000500020400700600002008009100
838|700010000200500000603080900002907100500000007001200600406030500000000004000090008
839|000800050600010900103400006000005020000700000041900000400100007007080003020003000
84|629000010300000896000700000005039070000000000070450300000001000493000001010000548
840|000100008060000530008020600600709820000000000027805009005040300003000040200071000
841|000387000800000005902001007000600010003000400790005000001400802400000001000076000
842|006920000850000600120000054000804003080000040000607000360000070001000080000059300
843|083104060070000003009603000010000024002000100830000090000807400900000080020906050
844|700010408503000000060000070007023050000000000050960310020000080000200901109080004
845|020008000000602930004000005060090000050204010000010070300000801015400000000800040
846|000900008050020047000600120080070309000308000403090080045002000390080070600009000
847|200036004000908000013000800000000506400123000709000000007000930000607000100380002
848|000090000040006000070001084300004007054002910620000008860500070000600050000030000
849|090608000000000800084002030032000600800070005006000180060800940003000000070209060
870|900020005000000006060900070200498001004000900100307002070004010000000030400080009
871|070604120000705600000030004000000008082000970600000000300010000048006000005207040
872|000500406007000080003002500000017009020000060100640000008105000070000000602000700
873|508020709000300060000000850950001000001809400000400016089000000040003000705000108
874|010070500408020100090000040000009000007508200000730000020000010005840702004090050
875|000800000004009302092700060100006008030000020900100506000005010701600000000004000
876|780000030050000602600020000000390010401507900000008000000010009807000040090000050
877|700201000003000200094050000000100048600403007480005000000040060007000800000907012
878|240080000070050000010200070009001003760020019100600800080009030000030090000010046
879|000320600900000040008006000090010060400602009010040070004200800050090001000031000
88|302004000040029070000800000000000009007165200500000000000003000090450010000700645
880|400007000070005290035000010000380000009000500000052000017000920208900030000100006
881|204003009300000000000640000020900030060408090040002070000097003000000000507300104
883|000301009507090000003640700000100000870000036020008000005017400000080905900506000
884|600500000020000000501008400005007804240050090006300100004200301000000050000003007
885|250900740003056010000000000000020600008709500005080000000000000080690400039005078
886|200006300030000051000701000000000907001904200703000000080603000340000020006200009
887|000070100100406000000001035040008090090060080020900073210500000000004002009080000
888|100006000020401006008000300000080000003705900700010000005000800240500030000207001
889|200805090000006000900140002850000700060000030004070059300001006000300000010504003
89|900003008000700500000600049090001080250000034080300020710009000009006000600400007
890|400000009005004300090000020000302005020000080100708000080000040001600500700803602
891|050000030080400001002100670500930000009020700000061009024006100300008020010000060
892|000002600207503009060080050176000500000000000003000790040050070600209401009400000
893|008507300060000001005040008000406030200000009070203000700080200100000060000704180
894|000007000040600090082000050800005200000472000005900006050000860030006040001700900
896|006104805200059003500000040003040000000705000000000600020000006300590002807203400
897|060500040000000000801402307600370001008000900000029006000105708000000000090006010
898|200060900008070400000300105000005340000000000076200050600008000001030600094050001
899|302000410870005003000000000090703005007080300500201070000000000400300089089000607
9|080000030006108500570000021002803000000010000000902400260000058007209300010000070
90|001020090000009200040600080002040030300708002070090500010004020004200000020050600
900|000030002003100760200809001000700080006000900040051000300900006087005200600010000
901|900000006008430100000000090009012005040508020600390800050000000003087500700000009
902|020070500450300000010000020030290060004000200090061070080000090000009036006030750
903|060400010000070200000003005000300500020060080048009000905700000004080009080001040
904|000090100080060090009400200090302460060000070007009030008004300020000010001050000
905|010000063600090000023000900008400000500016004400003600001000740000050008390000010
906|500900806080000070900600010207003050000000000030700401050106004060000020704002005
91|800000004005000001007800300090000005000236000400000020003705400900060200500000008
92|700009000000080200510200030100690002090000050300018009050006047008070000000900001
93|000604090000800005000050060305000209240000018901000607050010000400009000070302000
94|000302070700900005006000400094800000201000507000001980008000700400005003060209000
95|400100003080007010000040702001000200050823070008000500602050000010900060800001007
96|003007500000000001006230000090000607004000800608000040000081400500060000002400300
97|020090060600100005004000200000006803060908070208400000007000100500001009080040030
98|200004600000000800090200010700026008003040900600790001030001090007000000008500002
99|008003700030706090400010002029304000000000000000107420200070008080209060004600200
