000000007062705300700300100346097000020000000000604000500008040000001008007050000|sstsw(1)w(2)s|Hard|1158|20 FullHouse·9 HiddenSingle·1 HiddenTriple·28 NakedSingle·1 NakedTriple·1 LockedTriple·5 LockedCandidatesType1(Pointing)·1 LockedCandidatesType2(Claiming)·2 W-Wing
000008700020000040004569001000000000000090054905104003000647100072900000300000000|sstsw(2)sw(1)s|Hard|1344|20 FullHouse·13 HiddenSingle·23 NakedSingle·2 NakedPair·2 NakedTriple·1 LockedTriple·5 LockedCandidatesType1(Pointing)·2 LockedCandidatesType2(Claiming)·2 W-Wing
692030010050004060000000000060080009000009004100005300001003000700806200080900050|sstsw(3)sw(3)s|Hard|1294|20 FullHouse·12 HiddenSingle·1 HiddenPair·24 NakedSingle·1 NakedPair·1 NakedTriple·1 LockedPair·7 LockedCandidatesType1(Pointing)·1 LockedCandidatesType2(Claiming)·2 W-Wing
900000045007095000006480000000240008090800071328000000800000009000000060000006034|sstsw(1)s|Hard|574|20 FullHouse·15 HiddenSingle·21 NakedSingle·1 LockedCandidatesType1(Pointing)·1 W-Wing
810020009090005340004300000007890001080000000400000000000000900000000050062073008|sstsw(1)s|Hard|982|18 FullHouse·15 HiddenSingle·25 NakedSingle·8 LockedCandidatesType1(Pointing)·1 LockedCandidatesType2(Claiming)·1 W-Wing
000018390000040701290000000005790000000001000000000130300000000008005067400600500|sstsw(3)s|Hard|722|20 FullHouse·14 HiddenSingle·24 NakedSingle·4 LockedCandidatesType1(Pointing)·1 W-Wing
260800500074000000000000080000000800005006004300000070000050491090012005050073000|sstsw(2)ssts|Hard|868|18 FullHouse·23 HiddenSingle·16 NakedSingle·2 LockedCandidatesType1(Pointing)·1 XY-Wing·1 W-Wing
004000000000007014300060020006513000049002083700000000000000000500000100820904030|sstsw(1)s|Hard|898|19 FullHouse·14 HiddenSingle·24 NakedSingle·1 NakedTriple·3 LockedCandidatesType1(Pointing)·3 LockedCandidatesType2(Claiming)·1 W-Wing
000200003070009040420100000001608490642000005000500070100002500060095004009000000|sstsw(1)sw(1)s|Hard|1076|19 FullHouse·23 HiddenSingle·12 NakedSingle·3 NakedPair·2 W-Wing·1 Swordfish
009800000060051804050000000000017900002600000000000400097020610208003000400000002|sw(2)s|Hard|488|20 FullHouse·11 HiddenSingle·26 NakedSingle·1 W-Wing
005900204400087000000030000080070000000009750000000002650004080000753960003060000|sstsw(1)s|Hard|604|20 FullHouse·13 HiddenSingle·23 NakedSingle·1 LockedCandidatesType1(Pointing)·1 LockedCandidatesType2(Claiming)·1 W-Wing
009000003000047009100600050500020104400001930806000020000008060000000000020104800|sstsw(1)w(2)ssts|Hard|1254|21 FullHouse·8 HiddenSingle·27 NakedSingle·4 NakedPair·1 LockedCandidatesType1(Pointing)·1 LockedCandidatesType2(Claiming)·1 XY-Wing·2 W-Wing·1 Swordfish
408050009007096000000100700075004208029610000000000000000000000000200017000001482|sstsw(1)sstsw(1)s|Hard|1184|21 FullHouse·13 HiddenSingle·1 HiddenPair·22 NakedSingle·5 LockedCandidatesType1(Pointing)·1 LockedCandidatesType2(Claiming)·1 XY-Wing·2 W-Wing
000000000001040000030500006300000000052086100007010004800020500000905207900000030|sw(1)s|Hard|532|19 FullHouse·15 HiddenSingle·24 NakedSingle·1 W-Wing
000000306040000010000090824080026130370900600410070000000000000704230000000105200|sstsw(1)s|Hard|836|20 FullHouse·17 HiddenSingle·17 NakedSingle·1 NakedPair·1 LockedCandidatesType1(Pointing)·1 LockedCandidatesType2(Claiming)·1 W-Wing·1 X-Wing
800063970000000000000000326026007405000006000908320000049100000000000007300000000|sw(2)s|Hard|492|20 FullHouse·11 HiddenSingle·27 NakedSingle·1 W-Wing
100059000000000010590400003004901200000000004700000000002004090008103060950270000|sstsw(1)s|Hard|844|19 FullHouse·18 HiddenSingle·19 NakedSingle·2 LockedCandidatesType1(Pointing)·1 LockedCandidatesType2(Claiming)·1 W-Wing·1 X-Wing
030080700600070005000036900000000308070000000003010500049000000001400800000109046|sstsw(2)s|Hard|868|21 FullHouse·12 HiddenSingle·24 NakedSingle·2 NakedPair·5 LockedCandidatesType1(Pointing)·1 W-Wing
510730060060004000097801003000580000000006810000000007050000304000000079300010050|sstsw(2)s|Hard|700|21 FullHouse·23 HiddenSingle·11 NakedSingle·1 LockedCandidatesType1(Pointing)·1 LockedCandidatesType2(Claiming)·1 W-Wing
000070000003089040900006807020000000000000071010240590000000900041050000608002400|sstsw(1)s|Hard|824|19 FullHouse·12 HiddenSingle·1 HiddenPair·25 NakedSingle·1 NakedPair·4 LockedCandidatesType1(Pointing)·1 W-Wing
000058600000000130060042500000003897000007000035000000000000000800006004409280006|sw(1)s|Hard|598|19 FullHouse·22 HiddenSingle·16 NakedSingle·1 W-Wing
200000000064300000000040960080600000000080070900574000400002005058000006006900703|sstsw(3)s|Hard|684|21 FullHouse·11 HiddenSingle·24 NakedSingle·4 LockedCandidatesType1(Pointing)·1 W-Wing
005000480000701000006000007900080020043600890018000000000006010300000005000495200|sstsw(1)s|Hard|794|20 FullHouse·13 HiddenSingle·23 NakedSingle·1 LockedPair·5 LockedCandidatesType1(Pointing)·1 W-Wing
000005004300000079060093081400080000658030700030700000000008160000000007020000030|sstsw(2)s|Hard|634|20 FullHouse·9 HiddenSingle·27 NakedSingle·1 NakedTriple·1 LockedPair·1 LockedCandidatesType1(Pointing)·1 W-Wing
059000070300000001720038400063589000000300000002006000090007040000060187000400500|sstsw(2)s|Hard|536|19 FullHouse·12 HiddenSingle·23 NakedSingle·1 LockedCandidatesType2(Claiming)·1 W-Wing
940006000000050001700000000000003000000170060008009300100000040009300827032400096|sstsw(1)s|Hard|754|21 FullHouse·5 HiddenSingle·1 HiddenTriple·30 NakedSingle·1 NakedTriple·2 LockedCandidatesType1(Pointing)·1 LockedCandidatesType2(Claiming)·1 W-Wing
700090620000006409500200013900000500010000000025460000000000900000051736030600000|sstsw(1)sstsw(2)s|Hard|980|21 FullHouse·12 HiddenSingle·22 NakedSingle·2 LockedCandidatesType1(Pointing)·2 LockedCandidatesType2(Claiming)·2 W-Wing·1 X-Wing
507000641000000000900640000071096000002000005000000960006000037000001800028470000|sstsw(2)sstsw(2)s|Hard|1154|20 FullHouse·15 HiddenSingle·1 HiddenPair·21 NakedSingle·2 LockedCandidatesType1(Pointing)·3 LockedCandidatesType2(Claiming)·1 XY-Wing·2 W-Wing
068020000000000000000009831900000002000300004741050000026000040057480000000000003|sstsw(1)s|Hard|712|21 FullHouse·12 HiddenSingle·25 NakedSingle·1 NakedPair·3 LockedCandidatesType1(Pointing)·1 W-Wing
006400000000830900054000107075060000000000000000002079080090000060004532000000004|sstsw(1)ssts|Hard|922|20 FullHouse·19 HiddenSingle·19 NakedSingle·1 LockedCandidatesType1(Pointing)·1 XY-Wing·1 W-Wing·1 X-Wing
060300005040590000000000003000600090006070280005000001000010040084000100307200008|sstsw(1)s|Hard|578|20 FullHouse·15 HiddenSingle·22 NakedSingle·1 LockedCandidatesType1(Pointing)·1 W-Wing
007601405009000000000300020000006003010905000000240006250000610000000290100000004|sstsw(2)s|Hard|958|21 FullHouse·20 HiddenSingle·16 NakedSingle·1 NakedPair·1 NakedTriple·1 LockedCandidatesType1(Pointing)·1 LockedCandidatesType2(Claiming)·1 W-Wing·1 X-Wing
000006000037905100000001408000000003910030000000020570300000817690000000070000000|sstsw(1)s|Hard|942|21 FullHouse·26 HiddenSingle·11 NakedSingle·4 LockedCandidatesType1(Pointing)·2 LockedCandidatesType2(Claiming)·1 W-Wing
000600200070000051502000000240000000000001006001309020900002068600057900307060010|sstsw(2)s|Hard|706|21 FullHouse·19 HiddenSingle·14 NakedSingle·1 LockedCandidatesType1(Pointing)·2 LockedCandidatesType2(Claiming)·1 W-Wing
000000002001276000900000710000000500600300070030018000000000008027401900800059000|sstsw(1)s|Hard|578|19 FullHouse·15 HiddenSingle·23 NakedSingle·1 LockedCandidatesType1(Pointing)·1 W-Wing
095000000040031009000000003500700080000002430000000600009085001800173200006000300|sstsw(1)s|Hard|884|20 FullHouse·12 HiddenSingle·24 NakedSingle·3 NakedTriple·2 LockedCandidatesType1(Pointing)·1 LockedCandidatesType2(Claiming)·1 W-Wing
000008200000020070100300400000000006300000509900104000020617300000900000651400000|sstsw(1)s|Hard|898|20 FullHouse·6 HiddenSingle·1 HiddenPair·31 NakedSingle·1 NakedPair·1 NakedTriple·5 LockedCandidatesType1(Pointing)·1 W-Wing
000840000023000005000000300000000001000080037290500040700061800030900000582000100|sw(2)s|Hard|458|21 FullHouse·8 HiddenSingle·28 NakedSingle·1 W-Wing
020009800007058910300200000000000360000000059605000700000040096170063000000080000|sstsw(2)s|Hard|664|20 FullHouse·14 HiddenSingle·22 NakedSingle·3 LockedCandidatesType1(Pointing)·1 W-Wing
700005008400039700860000000601200900007053002085900000000001004000000285000500000|sstsw(3)s|Hard|830|19 FullHouse·9 HiddenSingle·27 NakedSingle·2 NakedPair·4 LockedCandidatesType1(Pointing)·1 LockedCandidatesType2(Claiming)·1 W-Wing
000192005950300600000000003006700000000000200002985010009247500003000000100600420|sstsw(1)s|Hard|826|21 FullHouse·11 HiddenSingle·1 HiddenPair·22 NakedSingle·1 NakedTriple·2 LockedCandidatesType1(Pointing)·2 LockedCandidatesType2(Claiming)·1 W-Wing
300000842000000000045700000027500000008000900004086021000000690709001000500007003|sstsw(2)s|Hard|634|20 FullHouse·16 HiddenSingle·20 NakedSingle·2 LockedCandidatesType2(Claiming)·1 W-Wing
080093000053400000000006038047089005900000000005000006000000000060004090890060021|sstsw(1)s|Hard|1254|21 FullHouse·18 HiddenSingle·17 NakedSingle·1 NakedPair·2 NakedTriple·1 LockedCandidatesType1(Pointing)·3 LockedCandidatesType2(Claiming)·1 W-Wing·2 X-Wing
000490081000003000030018704010060902075100000006000040080000000021800400000030050|sstsw(1)s|Hard|690|20 FullHouse·22 HiddenSingle·13 NakedSingle·2 LockedCandidatesType1(Pointing)·1 W-Wing
000000000090040207200501600008760403000000000040050800007892300015034000000000000|sstsw(1)s|Hard|694|20 FullHouse·2 HiddenSingle·34 NakedSingle·1 NakedTriple·1 NakedQuadruple·2 LockedCandidatesType1(Pointing)·1 W-Wing
090060000500008000230000000005602080970080000000097003000500070001000406850000020|sstsw(1)sstsw(1)s|Unfair|1658|21 FullHouse·13 HiddenSingle·2 HiddenPair·23 NakedSingle·1 NakedTriple·1 LockedPair·3 LockedCandidatesType1(Pointing)·3 LockedCandidatesType2(Claiming)·1 XY-Wing·2 W-Wing·2 X-Wing
000000006740200100500000040008000720000002300050049000800000090000536000200400000|sstsw(1)s|Hard|926|21 FullHouse·11 HiddenSingle·27 NakedSingle·1 NakedTriple·4 LockedCandidatesType1(Pointing)·3 LockedCandidatesType2(Claiming)·1 W-Wing
096020070020805000800003120060300400070040308000000007309480000000000000000600004|sstsw(1)s|Hard|804|19 FullHouse·15 HiddenSingle·22 NakedSingle·1 NakedTriple·3 LockedCandidatesType1(Pointing)·1 LockedCandidatesType2(Claiming)·1 W-Wing
801900000007130006300000007000005000000400001098010000500380920000000673200000050|sstsw(4)s|Hard|584|20 FullHouse·11 HiddenSingle·25 NakedSingle·2 LockedCandidatesType1(Pointing)·1 W-Wing
005000000004080250000009800000040000900007006043206000560000001701902504000070000|sstsw(3)sstsw(1)s|Hard|1104|21 FullHouse·5 HiddenSingle·30 NakedSingle·1 NakedTriple·1 LockedPair·1 LockedTriple·3 LockedCandidatesType1(Pointing)·1 LockedCandidatesType2(Claiming)·2 W-Wing·1 Swordfish
421000000006805490000000001000050000090000020080004960210000000030602040040970000|sstsw(1)s|Hard|714|20 FullHouse·17 HiddenSingle·19 NakedSingle·2 NakedPair·1 LockedCandidatesType1(Pointing)·1 W-Wing
810503000000007106000098030380400002007000000021080000000005064100020000206004301|sstsw(2)s|Hard|632|20 FullHouse·17 HiddenSingle·16 NakedSingle·1 LockedCandidatesType1(Pointing)·1 LockedCandidatesType2(Claiming)·1 W-Wing
400009208030100004000000001900008562008200300000007000000000000706500400510072000|sstsw(1)s|Hard|704|21 FullHouse·10 HiddenSingle·25 NakedSingle·1 LockedPair·1 LockedCandidatesType1(Pointing)·1 W-Wing·1 X-Wing
000000001000008300030001002806030070007005900000079000005000807200000003400060190|sstsw(2)s|Hard|798|20 FullHouse·12 HiddenSingle·25 NakedSingle·6 LockedCandidatesType1(Pointing)·1 W-Wing
000000000000010452092000600800400003019000000020003070008306000000000709960100040|sstsw(1)w(1)ssts|Hard|888|21 FullHouse·14 HiddenSingle·22 NakedSingle·1 NakedPair·1 XY-Wing·2 W-Wing
000003490000820100350000060008000000000000023590700000000007006100042000200050008|sstsw(2)s|Hard|802|19 FullHouse·24 HiddenSingle·15 NakedSingle·1 NakedTriple·2 LockedCandidatesType1(Pointing)·1 W-Wing
000012500020000000300060008500004170003920000400000000000000000000806740105700200|sstsw(1)s|Hard|652|21 FullHouse·12 HiddenSingle·25 NakedSingle·3 LockedCandidatesType1(Pointing)·1 W-Wing
105400300000000700000000092000930200000000040002060001806005013001070029050000600|sstsw(2)s|Hard|814|19 FullHouse·18 HiddenSingle·19 NakedSingle·1 NakedPair·3 LockedCandidatesType1(Pointing)·1 LockedCandidatesType2(Claiming)·1 W-Wing
480000000000000701100004500842300000000000000003617008000000000304052000650070100|sstsw(1)s|Hard|578|20 FullHouse·15 HiddenSingle·22 NakedSingle·1 LockedCandidatesType1(Pointing)·1 W-Wing
050980000060005800900000007205000039000090000470001002300060400000007006004000300|sstsw(2)s|Hard|788|20 FullHouse·17 HiddenSingle·20 NakedSingle·1 LockedPair·3 LockedCandidatesType1(Pointing)·1 LockedCandidatesType2(Claiming)·1 W-Wing
075800041000060000002000000080004063004070029200030000000007100000000000309020004|sstsw(3)s|Hard|982|20 FullHouse·12 HiddenSingle·1 HiddenPair·26 NakedSingle·2 NakedTriple·3 LockedCandidatesType1(Pointing)·2 LockedCandidatesType2(Claiming)·1 W-Wing
170200040500018000000450000000500007030001806000040030009000000084020500600100020|sw(1)w(1)s|Hard|754|20 FullHouse·23 HiddenSingle·13 NakedSingle·2 W-Wing
100809200496000000500000000000004000800002000005600034000000002000246790908050001|sw(1)s|Hard|524|20 FullHouse·15 HiddenSingle·21 NakedSingle·1 W-Wing
560000090000000000004001500003002000002100309190700006000430700000900850000600001|sstsw(1)s|Hard|938|21 FullHouse·11 HiddenSingle·25 NakedSingle·2 NakedPair·1 NakedTriple·4 LockedCandidatesType1(Pointing)·1 LockedCandidatesType2(Claiming)·1 W-Wing
005000000900470065043080010010007824602000000000800000000605100090000000000040098|sstsw(2)sw(1)s|Hard|964|20 FullHouse·17 HiddenSingle·19 NakedSingle·2 NakedPair·3 LockedCandidatesType1(Pointing)·2 W-Wing
000000650057000000200000001006800403490062800000000000500004009004090070023170000|sw(2)s|Hard|464|21 FullHouse·9 HiddenSingle·26 NakedSingle·1 W-Wing
543600000009401000060000000000714000000000831200005004000000090000003072376100008|sstsw(1)ssts|Hard|1080|20 FullHouse·10 HiddenSingle·25 NakedSingle·1 NakedPair·2 NakedTriple·2 LockedPair·3 LockedCandidatesType1(Pointing)·1 XY-Wing·1 W-Wing
005008706000000000968100500090000000000060012007000600243070000000004090000082350|sstsw(1)s|Hard|804|19 FullHouse·17 HiddenSingle·20 NakedSingle·1 NakedPair·4 LockedCandidatesType1(Pointing)·1 W-Wing
000098500000600900100050300005000000700000000040300200070130009300002180900400020|sstsw(1)s|Hard|738|20 FullHouse·12 HiddenSingle·25 NakedSingle·1 NakedPair·1 NakedTriple·2 LockedCandidatesType2(Claiming)·1 W-Wing
190600020006050004024819030000000040000200000060048279000500780810006005000000000|sstsw(2)s|Hard|842|21 FullHouse·11 HiddenSingle·21 NakedSingle·1 NakedTriple·2 LockedCandidatesType1(Pointing)·1 LockedCandidatesType2(Claiming)·1 W-Wing·1 X-Wing
069504000002000800000020004103007090700900000000003100040008000000000020005749001|sstsw(1)s|Hard|678|19 FullHouse·25 HiddenSingle·13 NakedSingle·1 LockedCandidatesType1(Pointing)·1 W-Wing
517380000000000000000090100000000094090230060176000050280060000030508002050000007|sstsw(2)ssts|Hard|820|20 FullHouse·8 HiddenSingle·27 NakedSingle·1 NakedPair·3 LockedCandidatesType1(Pointing)·1 XY-Wing·1 W-Wing
000007504005206907000000010000002809516900200000000000907000000000000406843001000|sstsw(2)s|Hard|624|20 FullHouse·8 HiddenSingle·28 NakedSingle·1 NakedTriple·1 LockedPair·1 LockedCandidatesType1(Pointing)·1 W-Wing
000300000000800067002090000013000004600400000000708009045063000008050700020000900|sstsw(2)s|Hard|512|20 FullHouse·7 HiddenSingle·31 NakedSingle·1 NakedPair·1 W-Wing
300000158005680009000000040800004007069500000000000400000007085214008000000003000|sstsw(3)s|Hard|1008|19 FullHouse·19 HiddenSingle·19 NakedSingle·1 LockedCandidatesType1(Pointing)·2 LockedCandidatesType2(Claiming)·1 W-Wing·1 X-Wing·1 Swordfish
963700000200000005000000030830170000001400008002000009000001200540800000000090807|sstsw(3)s|Hard|1078|20 FullHouse·18 HiddenSingle·19 NakedSingle·2 LockedCandidatesType1(Pointing)·2 LockedCandidatesType2(Claiming)·2 XY-Wing·1 W-Wing
800070016030000057940000000000000000000000025200690030005700001010800000608509000|sstsw(2)s|Hard|1048|20 FullHouse·13 HiddenSingle·24 NakedSingle·1 NakedTriple·1 LockedTriple·5 LockedCandidatesType1(Pointing)·3 LockedCandidatesType2(Claiming)·1 W-Wing
100800403230040600000000000000000000000760500300100209001030004970600080460010000|sstsw(2)sstsw(1)s|Hard|944|20 FullHouse·16 HiddenSingle·20 NakedSingle·1 NakedPair·2 LockedCandidatesType1(Pointing)·2 LockedCandidatesType2(Claiming)·2 W-Wing
000000053203000089004200000820410000700003092000009001005000008090647000000000000|sstsw(1)s|Hard|728|20 FullHouse·20 HiddenSingle·17 NakedSingle·3 LockedCandidatesType1(Pointing)·1 W-Wing
640900030108423900000008000000010400782004600005200000000000000000000006026500304|sstsw(1)s|Hard|660|19 FullHouse·10 HiddenSingle·26 NakedSingle·1 NakedPair·1 NakedTriple·1 LockedCandidatesType2(Claiming)·1 W-Wing
090000107700350800000040000000832050040010000000000000003060418019000026054000000|sstsw(2)s|Hard|554|20 FullHouse·12 HiddenSingle·24 NakedSingle·1 NakedPair·1 W-Wing
800000419063000000000400000001080050059007020000006700000250000000000690100074005|sstsw(1)s|Hard|708|21 FullHouse·12 HiddenSingle·24 NakedSingle·1 NakedPair·3 LockedCandidatesType1(Pointing)·1 W-Wing
600000007005200001007030502406108050198000000070000000000900300001080090000410026|sw(1)s|Hard|496|19 FullHouse·13 HiddenSingle·22 NakedSingle·1 W-Wing
700010002890624000000000000000005000100000390009260000000050000340090060001006524|sstsw(1)w(1)s|Unfair|1654|18 FullHouse·12 HiddenSingle·2 HiddenPair·26 NakedSingle·4 NakedPair·1 NakedTriple·7 LockedCandidatesType1(Pointing)·4 LockedCandidatesType2(Claiming)·2 W-Wing
410260000000000000600430001176000080004900006000000720007050000000009600009800002|sstsw(1)sstsw(1)s|Hard|1338|20 FullHouse·18 HiddenSingle·19 NakedSingle·3 NakedPair·1 LockedPair·3 LockedCandidatesType1(Pointing)·2 LockedCandidatesType2(Claiming)·1 XY-Wing·2 W-Wing
000000000000000807940502000087003000052860000000750000000600150000910780090000003|sstsw(1)s|Hard|868|20 FullHouse·16 HiddenSingle·21 NakedSingle·1 NakedTriple·5 LockedCandidatesType1(Pointing)·1 W-Wing
700000005000007600609000410200000860000974000500800004980000000000342000000190500|sstsw(1)ssts|Hard|824|20 FullHouse·15 HiddenSingle·21 NakedSingle·1 XY-Wing·1 W-Wing·1 X-Wing
500000030000060019000004807090200080238600000000900076604007001000090000020050003|sstsw(1)s|Hard|830|20 FullHouse·11 HiddenSingle·1 HiddenPair·24 NakedSingle·1 NakedTriple·4 LockedCandidatesType1(Pointing)·1 W-Wing
000040903008035070001890006000062400000080500000000001503000009010903600600050000|sstsw(2)s|Hard|500|21 FullHouse·5 HiddenSingle·29 NakedSingle·1 NakedTriple·1 W-Wing
003400060200063401700050002600000000080000000400900180000000906030000017504000000|sstsw(3)s|Hard|968|20 FullHouse·11 HiddenSingle·26 NakedSingle·1 NakedTriple·7 LockedCandidatesType1(Pointing)·1 LockedCandidatesType2(Claiming)·1 W-Wing
008000200000009008000105000020004071009000602003078009602000000000390000014600000|sstsw(1)w(1)w(1)s|Hard|1028|19 FullHouse·14 HiddenSingle·24 NakedSingle·1 NakedPair·2 LockedCandidatesType1(Pointing)·1 LockedCandidatesType2(Claiming)·3 W-Wing
000000004800000020700061050000000003006080045957006000612008070009000000000040030|sstsw(1)s|Hard|638|20 FullHouse·13 HiddenSingle·24 NakedSingle·1 NakedTriple·1 LockedCandidatesType2(Claiming)·1 W-Wing
000700295000000000604000000006070018130650000000002306380021004040000082900040000|sw(1)s|Hard|416|21 FullHouse·5 HiddenSingle·28 NakedSingle·1 W-Wing
590003126000006300000040007000000000009020861400010509960070005250400000000000070|sstsw(2)s|Hard|506|20 FullHouse·9 HiddenSingle·25 NakedSingle·1 LockedCandidatesType1(Pointing)·1 W-Wing
809004060043690008500200109000069201000000000308000000070003000000510000000047003|sstsw(1)s|Hard|730|21 FullHouse·12 HiddenSingle·22 NakedSingle·1 NakedPair·1 NakedTriple·2 LockedCandidatesType1(Pointing)·1 W-Wing
000000000000406007105780400040900003000000060078000045703040920009005000000001000|sstsw(1)s|Hard|808|19 FullHouse·19 HiddenSingle·19 NakedSingle·2 LockedCandidatesType1(Pointing)·1 W-Wing·1 X-Wing
040000006009805043080000000000000000500300760600207001038601200400050000000703000|sstsw(2)ssts|Hard|684|21 FullHouse·5 HiddenSingle·30 NakedSingle·2 LockedCandidatesType1(Pointing)·1 XY-Wing·1 W-Wing
500003004064020710000000000010000000000068000000050820400010070000005160051006900|sstsw(1)w(1)ssts|Hard|988|20 FullHouse·16 HiddenSingle·21 NakedSingle·3 LockedCandidatesType1(Pointing)·2 W-Wing·1 Swordfish
000006050000100206200000009009045070001000000003000490000000010090010508300704000|sstsw(1)s|Hard|1042|20 FullHouse·11 HiddenSingle·1 HiddenPair·27 NakedSingle·1 NakedTriple·6 LockedCandidatesType1(Pointing)·2 LockedCandidatesType2(Claiming)·1 W-Wing
000500000039460000000000030008071500000000000042300806700000280085002300600800059|sstsw(3)s|Hard|930|21 FullHouse·11 HiddenSingle·23 NakedSingle·1 NakedPair·1 LockedPair·5 LockedCandidatesType1(Pointing)·2 LockedCandidatesType2(Claiming)·1 W-Wing
080560009000010003310087000004002060000000000070000548000709000150000090000000624|sstsw(1)ssts|Hard|724|21 FullHouse·9 HiddenSingle·26 NakedSingle·2 LockedCandidatesType1(Pointing)·1 XY-Wing·1 W-Wing
000000520030010000000602078350000760020034000000001000090000000006180030700006000|sstsw(2)ssts|Hard|1242|20 FullHouse·16 HiddenSingle·22 NakedSingle·2 NakedPair·1 NakedTriple·4 LockedCandidatesType1(Pointing)·1 XY-Wing·1 W-Wing·1 X-Wing
410300000200009430000000000300000020906000875000004000000090600000030501679080300|sstsw(1)s|Hard|744|20 FullHouse·15 HiddenSingle·21 NakedSingle·2 NakedPair·2 LockedCandidatesType2(Claiming)·1 W-Wing
009030001000000036600087005200000060008000000030700102051003080720000000000009500|sstsw(2)s|Hard|708|19 FullHouse·20 HiddenSingle·18 NakedSingle·1 NakedTriple·1 LockedCandidatesType2(Claiming)·1 W-Wing
000000580000002000083001000400000000050000049100008300007403002600000050000700060|sstsw(2)s|Hard|890|20 FullHouse·14 HiddenSingle·26 NakedSingle·1 LockedTriple·5 LockedCandidatesType1(Pointing)·1 LockedCandidatesType2(Claiming)·1 W-Wing
008600000005010000200000190000000438000530000076000000000800040002005986000963000|sstsw(2)s|Hard|898|19 FullHouse·17 HiddenSingle·21 NakedSingle·7 LockedCandidatesType1(Pointing)·1 W-Wing
060002570050000000800039004000008053200957400000000600004083000001000000000704002|sstsw(1)s|Hard|814|21 FullHouse·11 HiddenSingle·24 NakedSingle·1 NakedTriple·4 LockedCandidatesType1(Pointing)·1 LockedCandidatesType2(Claiming)·1 W-Wing
012300000005000000000000607031000000000005930609007000080000020000004500000106704|sstsw(2)sstsw(1)s|Hard|1176|20 FullHouse·19 HiddenSingle·20 NakedSingle·2 NakedPair·1 NakedTriple·5 LockedCandidatesType1(Pointing)·2 W-Wing
001000030000087090086090000000000003000706500390005140843960000200100000000000000|sstsw(2)s|Hard|618|20 FullHouse·14 HiddenSingle·23 NakedSingle·1 LockedCandidatesType1(Pointing)·1 LockedCandidatesType2(Claiming)·1 W-Wing
073600050009003084800000000005000000000010627002000890000000040000059103500002000|sstsw(1)s|Hard|828|20 FullHouse·12 HiddenSingle·1 HiddenPair·25 NakedSingle·1 NakedPair·3 LockedCandidatesType1(Pointing)·1 LockedCandidatesType2(Claiming)·1 W-Wing
081507000004000810950000000000000000000000029600123070000200000005040702010060040|sstsw(2)s|Hard|728|19 FullHouse·13 HiddenSingle·25 NakedSingle·1 NakedTriple·1 LockedPair·2 LockedCandidatesType1(Pointing)·1 W-Wing
000864000310200000074050000005400007907003800000000053800005000000000016040600070|sw(2)s|Hard|544|20 FullHouse·17 HiddenSingle·19 NakedSingle·1 W-Wing
407500000000000200000000610602090000001400080000030501000005700060000003500047006|sstsw(1)s|Hard|872|20 FullHouse·23 HiddenSingle·15 NakedSingle·1 NakedPair·1 LockedCandidatesType1(Pointing)·3 LockedCandidatesType2(Claiming)·1 W-Wing
004000003100800000027043850500000000000074008000000649008001094600002000000300006|sstsw(2)s|Hard|604|21 FullHouse·18 HiddenSingle·17 NakedSingle·1 LockedCandidatesType1(Pointing)·1 W-Wing
006000007201005000000003009500000000000400010300867000040216703090000601000000040|sstsw(1)s|Hard|728|20 FullHouse·12 HiddenSingle·25 NakedSingle·1 NakedPair·1 NakedTriple·1 LockedPair·1 LockedCandidatesType2(Claiming)·1 W-Wing
007006305006450007000000090090700010064000700000900060000645070300000000002810000|sstsw(2)s|Hard|874|20 FullHouse·19 HiddenSingle·17 NakedSingle·1 NakedPair·2 LockedCandidatesType1(Pointing)·1 W-Wing·1 Swordfish
062080000900000000000010572000400008076023009800000700041090053009006200000000000|sstsw(1)s|Hard|624|20 FullHouse·12 HiddenSingle·24 NakedSingle·1 NakedTriple·1 LockedCandidatesType1(Pointing)·1 W-Wing
000800050003007608000200100018009020007040000900620700000004000000000087030060000|sstsw(1)s|Hard|792|20 FullHouse·17 HiddenSingle·21 NakedSingle·1 LockedPair·4 LockedCandidatesType1(Pointing)·1 W-Wing
102000000300045790000609000000050006000007028000008950470810000000000000089000600|sstsw(1)w(2)s|Hard|908|20 FullHouse·15 HiddenSingle·22 NakedSingle·1 NakedTriple·3 LockedCandidatesType1(Pointing)·2 W-Wing
100600000038700500007580040800000000005000000040900060000003050000002873600090004|sstsw(2)s|Hard|718|18 FullHouse·24 HiddenSingle·15 NakedSingle·1 LockedCandidatesType1(Pointing)·1 LockedCandidatesType2(Claiming)·1 W-Wing
001800000400000702000006005107900806020000100000000000000003009246007300053600000|sstsw(1)s|Hard|1008|20 FullHouse·12 HiddenSingle·1 HiddenPair·25 NakedSingle·1 NakedPair·1 NakedTriple·6 LockedCandidatesType1(Pointing)·1 W-Wing
500100020300780000260000004803000000040000000000006203010040800000370050900000002|sstsw(2)s|Hard|872|19 FullHouse·22 HiddenSingle·17 NakedSingle·2 NakedPair·2 LockedCandidatesType1(Pointing)·1 LockedCandidatesType2(Claiming)·1 W-Wing
104000960790000000000000000560400000009080530070009801000800000602100080000650470|sstsw(2)s|Hard|1010|19 FullHouse·13 HiddenSingle·23 NakedSingle·2 NakedTriple·5 LockedCandidatesType1(Pointing)·2 LockedCandidatesType2(Claiming)·1 W-Wing
900003008008005640300006200000000000700000306009200001000000500030008000500100407|sstsw(3)s|Hard|702|21 FullHouse·22 HiddenSingle·15 NakedSingle·1 LockedCandidatesType1(Pointing)·1 LockedCandidatesType2(Claiming)·1 W-Wing
000807000100000000000546800930100000001000003006709005000003690028000040000000538|sstsw(1)sw(1)ssts|Hard|904|20 FullHouse·16 HiddenSingle·1 HiddenPair·20 NakedSingle·3 LockedCandidatesType1(Pointing)·2 W-Wing
009500000005090704430000001300006502000000306006800000010245000027300400000000009|sstsw(1)s|Hard|910|21 FullHouse·15 HiddenSingle·19 NakedSingle·1 NakedPair·1 NakedTriple·4 LockedCandidatesType1(Pointing)·1 LockedCandidatesType2(Claiming)·1 W-Wing
000040000520700400030500009459000070003009104000006000000000091047020006000600000|sstsw(2)w(2)sstsw(1)sstsw(2)sw(1)sw(1)s|Hard|1558|19 FullHouse·22 HiddenSingle·16 NakedSingle·1 NakedPair·2 LockedCandidatesType1(Pointing)·1 LockedCandidatesType2(Claiming)·6 W-Wing
050000000310400690649000050000003900023968040000100700000097003004000000000000008|sw(1)s|Hard|514|20 FullHouse·14 HiddenSingle·22 NakedSingle·1 W-Wing
591600800000000000063102000000041000000000907008007130006070000000005390039020000|sstsw(1)s|Hard|644|20 FullHouse·22 HiddenSingle·14 NakedSingle·1 LockedCandidatesType1(Pointing)·1 W-Wing
020700300000000000780000050000090000009000408830014006000301705014006200000800060|sstsw(1)s|Hard|604|20 FullHouse·19 HiddenSingle·17 NakedSingle·1 LockedPair·1 W-Wing
070000004090000200000465003500008300201006500300010706004900007020000000000003000|sstsw(1)sstsw(2)s|Hard|848|21 FullHouse·16 HiddenSingle·20 NakedSingle·1 NakedPair·2 LockedCandidatesType1(Pointing)·2 W-Wing
010000000000700108209510700040000906093065001100200000004002070000300000000000482|sstsw(2)s|Hard|570|20 FullHouse·15 HiddenSingle·20 NakedSingle·1 LockedCandidatesType1(Pointing)·1 W-Wing
000300074724610000900000100030000600008000700040000081000400000000070510500009002|sstsw(2)s|Hard|618|19 FullHouse·14 HiddenSingle·24 NakedSingle·2 LockedCandidatesType2(Claiming)·1 W-Wing
700000000010040000504700300000006135007009008000008090026093800000080002980000040|sstsw(2)s|Hard|780|20 FullHouse·11 HiddenSingle·24 NakedSingle·4 LockedCandidatesType1(Pointing)·2 LockedCandidatesType2(Claiming)·1 W-Wing
000090000070800000000060342000020900000006075013000000190200738080000000002000610|sstsw(1)s|Hard|698|20 FullHouse·10 HiddenSingle·27 NakedSingle·2 NakedPair·1 LockedCandidatesType1(Pointing)·1 LockedCandidatesType2(Claiming)·1 W-Wing
985000037027000600000000000000380000000000009000002560090070000400036100060009052|sstsw(1)s|Hard|658|20 FullHouse·13 HiddenSingle·24 NakedSingle·1 LockedCandidatesType1(Pointing)·2 LockedCandidatesType2(Claiming)·1 W-Wing
800002950000000000000408006037000090290056000000080000005009400301000000000040201|sstsw(1)s|Hard|922|20 FullHouse·18 HiddenSingle·20 NakedSingle·1 NakedPair·6 LockedCandidatesType1(Pointing)·1 W-Wing
350001000000700000900008003537000040000200000009060010000407030040000006000890007|sstsw(1)s|Hard|792|19 FullHouse·21 HiddenSingle·18 NakedSingle·3 LockedCandidatesType1(Pointing)·1 LockedCandidatesType2(Claiming)·1 W-Wing
015000270000000000090850000000060040000100089903000006026034700000500000500020060|sstsw(2)s|Hard|748|21 FullHouse·8 HiddenSingle·28 NakedSingle·3 LockedCandidatesType1(Pointing)·1 W-Wing·1 X-Wing
207650000900000000000040000000800002000094300300000104002005010046010020590007086|sstsw(2)s|Hard|710|20 FullHouse·20 HiddenSingle·15 NakedSingle·1 W-Wing·1 X-Wing
900000038000000000000082006000060200000007694005003001600370000007600040480000002|sstsw(1)s|Hard|748|18 FullHouse·24 HiddenSingle·15 NakedSingle·1 NakedTriple·1 LockedCandidatesType1(Pointing)·1 W-Wing
000000000000000019004083760070004000000638907280000100002000000800256000050007004|sstsw(2)s|Hard|734|21 FullHouse·9 HiddenSingle·26 NakedSingle·2 NakedPair·3 LockedCandidatesType1(Pointing)·1 W-Wing
010020400700306900053007086328000000000008020900000003040600200000900000002500000|sw(1)s|Hard|554|20 FullHouse·18 HiddenSingle·18 NakedSingle·1 W-Wing
004000100300000000070901460000064700006010548000000000003200615802600000000040000|sw(1)s|Hard|544|21 FullHouse·17 HiddenSingle·18 NakedSingle·1 W-Wing
000003800000600000040980070000070100000452000204000580057040090002000007930000002|sstsw(2)s|Hard|744|20 FullHouse·22 HiddenSingle·14 NakedSingle·2 LockedCandidatesType1(Pointing)·1 LockedCandidatesType2(Claiming)·1 W-Wing
000098000000000218020000000003000100190027060002460000060000005000100400008652000|sstsw(1)s|Hard|828|21 FullHouse·20 HiddenSingle·16 NakedSingle·3 LockedCandidatesType1(Pointing)·2 LockedCandidatesType2(Claiming)·1 W-Wing
000100000090007601500000308200000080947000000000520007000010803013790000065000000|sstsw(3)s|Hard|744|20 FullHouse·18 HiddenSingle·18 NakedSingle·1 LockedPair·1 LockedCandidatesType1(Pointing)·2 LockedCandidatesType2(Claiming)·1 W-Wing
000008307004050900000000006000000400105009000030501000050893061000005000260700000|sstsw(2)s|Hard|888|20 FullHouse·10 HiddenSingle·27 NakedSingle·2 NakedPair·1 LockedPair·2 LockedCandidatesType1(Pointing)·1 W-Wing·1 Swordfish
000060305500074010040000008090001200100000004087003000005790000000000030008056000|sstsw(2)s|Hard|718|18 FullHouse·29 HiddenSingle·10 NakedSingle·1 LockedCandidatesType1(Pointing)·1 W-Wing
003000000000000910009037800800000009200300460500749200000002000700080000065010080|sstsw(2)s|Hard|794|21 FullHouse·7 HiddenSingle·28 NakedSingle·1 NakedPair·1 NakedTriple·1 LockedTriple·1 LockedCandidatesType1(Pointing)·2 LockedCandidatesType2(Claiming)·1 W-Wing
000010020600000074800029003709600040083000000000000000000000007008250409015000030|sstsw(2)s|Hard|848|21 FullHouse·14 HiddenSingle·22 NakedSingle·1 NakedTriple·1 LockedPair·1 LockedTriple·3 LockedCandidatesType1(Pointing)·1 W-Wing
080300000003500000000980021572840000060000240000090000600705080700000900040000050|sstsw(2)s|Hard|764|21 FullHouse·9 HiddenSingle·26 NakedSingle·5 LockedCandidatesType1(Pointing)·1 LockedCandidatesType2(Claiming)·1 W-Wing
000000000050860207800020000701030008000000020200149000000083100080010076000200090|sstsw(2)s|Hard|774|21 FullHouse·20 HiddenSingle·15 NakedSingle·4 LockedCandidatesType1(Pointing)·1 W-Wing
000059076097000000050000009603100000000042300000000051809430000000000400010200000|sstsw(1)w(1)s|Hard|912|20 FullHouse·13 HiddenSingle·25 NakedSingle·1 NakedPair·1 LockedCandidatesType1(Pointing)·2 W-Wing·1 X-Wing
780610409100030006000000000592308600860000050010000000200904000000076080058000000|sstsw(1)s|Hard|876|20 FullHouse·10 HiddenSingle·24 NakedSingle·2 NakedTriple·2 LockedCandidatesType1(Pointing)·3 LockedCandidatesType2(Claiming)·1 W-Wing
701003050050000902004060000618040090000056700000000048000000000000004010006037400|sstsw(1)w(1)s|Hard|814|19 FullHouse·10 HiddenSingle·27 NakedSingle·1 NakedPair·1 NakedTriple·1 LockedCandidatesType1(Pointing)·2 W-Wing
005309200000000000603270100000007390500192080007008020050000000108000000400000057|sstsw(1)ssts|Hard|970|20 FullHouse·18 HiddenSingle·17 NakedSingle·2 NakedPair·4 LockedCandidatesType1(Pointing)·2 LockedCandidatesType2(Claiming)·1 W-Wing
074089601980070500003500080040000030007400000000005060120000000000000200000090850|sstsw(1)s|Hard|594|20 FullHouse·17 HiddenSingle·19 NakedSingle·1 LockedCandidatesType1(Pointing)·1 W-Wing
000000405600200001930000076000007000006530010100090300700019208000000000320000000|sstsw(2)s|Hard|798|19 FullHouse·12 HiddenSingle·26 NakedSingle·1 NakedPair·2 LockedCandidatesType1(Pointing)·1 W-Wing·1 X-Wing
500001020000760000000000007009600050070008000208004000000000803800090100340500079|sw(2)s|Hard|568|19 FullHouse·19 HiddenSingle·19 NakedSingle·1 W-Wing
002904700100000049309005210000052000207800000000000000000209500000030480000408093|sw(2)s|Hard|506|20 FullHouse·14 HiddenSingle·20 NakedSingle·1 W-Wing
008100000507000600000000020000030002000508010201070004452900080800700500906000000|sw(1)s|Hard|474|21 FullHouse·10 HiddenSingle·25 NakedSingle·1 W-Wing
000000092008204017070050008047900001000000070000000809301090000900082000002600000|sstsw(2)s|Hard|624|20 FullHouse·15 HiddenSingle·21 NakedSingle·2 LockedCandidatesType1(Pointing)·1 W-Wing
080000000000190000560002810000000090007800060200450001738510002000000000000000057|sstsw(1)w(1)s|Hard|908|20 FullHouse·19 HiddenSingle·18 NakedSingle·1 NakedPair·1 NakedTriple·1 LockedCandidatesType1(Pointing)·2 W-Wing
008020750070001290060009000000015000700000060000003020000050800023400100800300000|sstsw(2)ssts|Hard|888|20 FullHouse·10 HiddenSingle·27 NakedSingle·4 LockedCandidatesType1(Pointing)·1 LockedCandidatesType2(Claiming)·1 XY-Wing·1 W-Wing
460200000000005001010034680000007820000000010039050000004090000000710000003000200|sstsw(2)sstsw(1)s|Hard|1202|20 FullHouse·19 HiddenSingle·19 NakedSingle·3 NakedPair·4 LockedCandidatesType1(Pointing)·2 LockedCandidatesType2(Claiming)·2 W-Wing
090050000000018590000000006600000000780006001901700000007030260012900003000000047|sstsw(1)sstsw(1)s|Hard|964|20 FullHouse·5 HiddenSingle·31 NakedSingle·1 NakedTriple·2 LockedCandidatesType1(Pointing)·1 LockedCandidatesType2(Claiming)·1 XY-Wing·2 W-Wing
125000009740000010000000300000000002670420150000005630000604091400500200008000003|sstsw(1)s|Hard|836|20 FullHouse·10 HiddenSingle·1 HiddenPair·24 NakedSingle·1 NakedPair·1 LockedPair·4 LockedCandidatesType1(Pointing)·1 W-Wing
000024000000000045400000000070012000004900006009507103085031004000009001907050060|sstsw(1)s|Hard|906|21 FullHouse·11 HiddenSingle·1 HiddenPair·22 NakedSingle·2 LockedCandidatesType1(Pointing)·2 LockedCandidatesType2(Claiming)·1 XY-Wing·1 W-Wing
010600390000000000005000002900000060502000980067400030001800000000009700700005001|sstsw(2)s|Hard|652|20 FullHouse·16 HiddenSingle·22 NakedSingle·1 NakedPair·1 LockedCandidatesType1(Pointing)·1 W-Wing
000008000000000046068050200680000017000000000000503409201496300000010000950002100|sstsw(1)s|Hard|840|21 FullHouse·10 HiddenSingle·24 NakedSingle·2 NakedPair·5 LockedCandidatesType1(Pointing)·1 W-Wing
043000000000000000520000014009105600000000000005609802006800090400002007870500000|sstsw(1)s|Hard|728|18 FullHouse·12 HiddenSingle·27 NakedSingle·1 NakedTriple·3 LockedCandidatesType1(Pointing)·1 W-Wing
080000050000050000400920000000001000207600008049000000700006005000300010532400080|sstsw(2)s|Hard|1082|20 FullHouse·13 HiddenSingle·25 NakedSingle·1 NakedTriple·1 LockedPair·7 LockedCandidatesType1(Pointing)·2 LockedCandidatesType2(Claiming)·1 W-Wing
000400000006090704000015090050001840183000000000000600315206000002800050800000000|sstsw(1)s|Hard|884|20 FullHouse·13 HiddenSingle·23 NakedSingle·1 NakedTriple·4 LockedCandidatesType1(Pointing)·2 LockedCandidatesType2(Claiming)·1 W-Wing
796000000020000000300000680000900008005000063400063900000078509040320001002000000|sstsw(1)s|Hard|834|20 FullHouse·21 HiddenSingle·15 NakedSingle·4 LockedCandidatesType1(Pointing)·1 LockedCandidatesType2(Claiming)·1 W-Wing
000000400000006030205700600000000080013004000004028301300612050002090007000000000|sstsw(1)ssts|Hard|988|17 FullHouse·16 HiddenSingle·1 HiddenPair·24 NakedSingle·1 NakedTriple·1 LockedPair·2 LockedCandidatesType1(Pointing)·1 XY-Wing·1 W-Wing
002608000000000007060270100000006390940080000000500060024000003650000400870300000|sstsw(1)s|Hard|774|19 FullHouse·16 HiddenSingle·21 NakedSingle·1 LockedPair·4 LockedCandidatesType1(Pointing)·1 W-Wing
020000000040090700000007004000300000100002650006805090008020400713906500000000010|sstsw(1)ssts|Hard|934|21 FullHouse·15 HiddenSingle·20 NakedSingle·3 LockedCandidatesType1(Pointing)·2 LockedCandidatesType2(Claiming)·1 XY-Wing·1 W-Wing
060204030000013040090000000001000000000089050000700309583000700000002068200000000|sstsw(2)sstsw(1)ssts|Hard|1532|20 FullHouse·14 HiddenSingle·24 NakedSingle·1 NakedPair·2 NakedTriple·1 LockedPair·5 LockedCandidatesType1(Pointing)·1 LockedCandidatesType2(Claiming)·1 XY-Wing·2 W-Wing·1 X-Wing
000080039000000200070004010100057083200000000000098400004000150821000070003600000|sstsw(1)ssts|Hard|894|20 FullHouse·10 HiddenSingle·1 HiddenPair·26 NakedSingle·1 NakedPair·1 NakedTriple·1 LockedCandidatesType1(Pointing)·1 XY-Wing·1 W-Wing
500860000000000209070003000009000000280000004000900183891000500000010090005002300|sstsw(1)s|Hard|728|20 FullHouse·22 HiddenSingle·15 NakedSingle·1 NakedTriple·1 LockedCandidatesType1(Pointing)·1 W-Wing
010007060000000009000840050000500287002100095700600000060000000500030000201050970|sstsw(1)s|Hard|704|19 FullHouse·18 HiddenSingle·19 NakedSingle·3 LockedCandidatesType1(Pointing)·1 W-Wing
500800700010000040603009000300100650105060004000008000000001079029000016050000000|sstsw(2)s|Hard|974|19 FullHouse·18 HiddenSingle·19 NakedSingle·1 NakedTriple·3 LockedCandidatesType1(Pointing)·1 LockedCandidatesType2(Claiming)·1 W-Wing·1 X-Wing
059004730000012006000003000200060804700050010000720000070000041030000590000000000|sstsw(1)s|Hard|988|21 FullHouse·13 HiddenSingle·1 HiddenPair·23 NakedSingle·2 NakedTriple·5 LockedCandidatesType1(Pointing)·1 W-Wing
000050000000102000000036050203700008090300610047000030100200000300000000008005970|sstsw(1)s|Hard|638|21 FullHouse·7 HiddenSingle·29 NakedSingle·1 LockedPair·3 LockedCandidatesType1(Pointing)·1 W-Wing
040000018000008004200030000000000000000043800000020740184250900030089027090000001|sstsw(3)sstsw(2)s|Hard|1190|20 FullHouse·14 HiddenSingle·21 NakedSingle·2 NakedPair·1 NakedTriple·1 LockedCandidatesType2(Claiming)·2 W-Wing·2 X-Wing
042760000006300400000004210070501008098000000050000300700000000000040027000020560|sstsw(1)sw(1)s|Hard|744|20 FullHouse·12 HiddenSingle·24 NakedSingle·2 LockedCandidatesType1(Pointing)·2 W-Wing
000000030030406000504800069008300000010008074020910000000004700000000081001090000|sstsw(1)sstsw(1)ssts|Hard|1508|20 FullHouse·18 HiddenSingle·19 NakedSingle·1 NakedPair·4 LockedCandidatesType1(Pointing)·2 LockedCandidatesType2(Claiming)·1 XY-Wing·2 W-Wing·2 X-Wing
050003200000605000000240000090000340000000050018400602040020000920000005300807001|sstsw(1)s|Hard|624|21 FullHouse·7 HiddenSingle·28 NakedSingle·1 NakedTriple·2 LockedCandidatesType1(Pointing)·1 W-Wing
001032045840000370060000100007005000000000006026040030050100700090200000708060000|sstsw(2)s|Hard|680|19 FullHouse·11 HiddenSingle·25 NakedSingle·1 NakedPair·1 LockedPair·2 LockedCandidatesType1(Pointing)·1 W-Wing
000008700300000060000600250640530000001002009000060800013800007725000000900000000|sw(1)s|Hard|578|20 FullHouse·20 HiddenSingle·17 NakedSingle·1 W-Wing
000000005700060900906583200060090004000000000000257300600804009009006002080000001|sstsw(2)s|Hard|750|21 FullHouse·7 HiddenSingle·27 NakedSingle·3 NakedPair·1 NakedTriple·1 LockedCandidatesType1(Pointing)·1 W-Wing
007180000006000005020403007000000300000802140401630000000010092562008000000000000|sstsw(1)ssts|Hard|1234|20 FullHouse·14 HiddenSingle·22 NakedSingle·1 LockedTriple·3 LockedCandidatesType1(Pointing)·1 LockedCandidatesType2(Claiming)·2 XY-Wing·1 W-Wing·1 X-Wing
900010000008030059000002100000000000005098730010020604000000000034069080002480000|sstsw(2)ssts|Hard|1324|19 FullHouse·14 HiddenSingle·23 NakedSingle·1 NakedPair·7 LockedCandidatesType1(Pointing)·2 LockedCandidatesType2(Claiming)·1 XY-Wing·1 W-Wing·1 X-Wing
000080300008900570030007000000000002400060080875000000000000125010000004009302000|sstsw(1)s|Hard|942|21 FullHouse·15 HiddenSingle·22 NakedSingle·1 NakedPair·5 LockedCandidatesType1(Pointing)·2 LockedCandidatesType2(Claiming)·1 W-Wing
519700080068400700000003100000000402040102000000090000000000007072800050090010000|sstsw(2)s|Hard|638|20 FullHouse·12 HiddenSingle·25 NakedSingle·1 W-Wing·1 X-Wing
000830091104009020009400037360000000457090000000000670000000002900500000080001000|sstsw(3)w(3)w(1)w(1)ssts|Hard|1244|21 FullHouse·11 HiddenSingle·24 NakedSingle·3 LockedCandidatesType1(Pointing)·1 XY-Wing·4 W-Wing
020000430006030070500086102040000000007010000839700000000500001004000000000829004|sstsw(1)s|Hard|1014|21 FullHouse·8 HiddenSingle·1 HiddenPair·2 HiddenTriple·27 NakedSingle·1 NakedPair·1 NakedTriple·3 LockedCandidatesType1(Pointing)·1 W-Wing
030002504469308000000000630780000000003000000021439000810000000000603907000007000|sstsw(1)s|Hard|890|19 FullHouse·21 HiddenSingle·15 NakedSingle·1 NakedPair·5 LockedCandidatesType1(Pointing)·1 W-Wing
726000000000600007093000000004002600050009008002401900000000003000080060010094000|sstsw(1)s|Hard|742|21 FullHouse·13 HiddenSingle·24 NakedSingle·3 NakedPair·1 LockedCandidatesType1(Pointing)·1 W-Wing
000000500000000063001060000520008000000000007048000039960402700200090000000076100|sw(1)s|Hard|462|21 FullHouse·8 HiddenSingle·29 NakedSingle·1 W-Wing
300000000000007546060040000003720091200000008500090030600008700000000000082003064|sstsw(1)sstsw(1)s|Hard|784|21 FullHouse·6 HiddenSingle·29 NakedSingle·2 LockedCandidatesType1(Pointing)·2 LockedCandidatesType2(Claiming)·2 W-Wing
060500370000000208020890006400765000000000000710042000000000500000001832532000007|sstsw(1)ssts|Hard|1266|21 FullHouse·10 HiddenSingle·1 HiddenTriple·23 NakedSingle·1 LockedPair·9 LockedCandidatesType1(Pointing)·1 LockedCandidatesType2(Claiming)·1 XY-Wing·1 W-Wing
000080450090000000000097080050360000001000704600021500304009006000100000000000002|sstsw(1)s|Hard|612|20 FullHouse·14 HiddenSingle·24 NakedSingle·1 LockedPair·1 LockedCandidatesType1(Pointing)·1 W-Wing
000000400000300980983700000640010025008000010000800000500000006170045000004000000|sstsw(2)s|Hard|922|20 FullHouse·16 HiddenSingle·22 NakedSingle·2 LockedPair·4 LockedCandidatesType1(Pointing)·2 LockedCandidatesType2(Claiming)·1 W-Wing
089000020000100039610000007001870400450000008260450000000000000000617003030040090|sstsw(2)s|Hard|576|21 FullHouse·11 HiddenSingle·22 NakedSingle·2 LockedCandidatesType1(Pointing)·1 W-Wing
007200060000000400008003010001040009000300085006057001700001094103900020000000000|sstsw(2)s|Hard|714|20 FullHouse·10 HiddenSingle·26 NakedSingle·2 LockedCandidatesType1(Pointing)·1 W-Wing·1 X-Wing
400169208000000009008520600000070000080001000020054010000000037900410000010000060|sstsw(1)sstsw(3)s|Hard|894|20 FullHouse·14 HiddenSingle·1 HiddenPair·22 NakedSingle·1 NakedPair·1 LockedCandidatesType1(Pointing)·1 LockedCandidatesType2(Claiming)·2 W-Wing
060000003578003040000000260196030000000700000003060500000045000000007925010000070|sstsw(1)ssts|Hard|824|20 FullHouse·14 HiddenSingle·22 NakedSingle·3 LockedCandidatesType1(Pointing)·1 XY-Wing·1 W-Wing
096000247805200160000000000080900400003540000704130005000000010000070582050400000|sstsw(1)s|Hard|692|20 FullHouse·7 HiddenSingle·26 NakedSingle·1 NakedPair·3 LockedCandidatesType1(Pointing)·1 LockedCandidatesType2(Claiming)·1 W-Wing
005006000000040013006810007700300089000100730000000200103000090920000048000000000|sstsw(1)s|Hard|748|21 FullHouse·7 HiddenSingle·29 NakedSingle·2 NakedPair·1 NakedTriple·2 LockedCandidatesType1(Pointing)·1 W-Wing
053700000000006020000004000700000000006000301002000807061800002200001040037002500|sstsw(1)s|Hard|688|20 FullHouse·16 HiddenSingle·21 NakedSingle·3 LockedCandidatesType1(Pointing)·1 W-Wing
000600000000004830003059000040000500006008914100000007000005090257000000000103000|sstsw(3)s|Hard|702|21 FullHouse·9 HiddenSingle·28 NakedSingle·1 NakedTriple·2 LockedCandidatesType1(Pointing)·1 LockedCandidatesType2(Claiming)·1 W-Wing
000500000084600002060000148310000004700060530000000000000800095407009001000000000|sstsw(2)s|Hard|862|21 FullHouse·12 HiddenSingle·25 NakedSingle·1 NakedPair·4 LockedCandidatesType1(Pointing)·2 LockedCandidatesType2(Claiming)·1 W-Wing
000390800570100000000067030009000000000070600040006507007020080900000304000000001|sstsw(1)ssts|Hard|1432|20 FullHouse·20 HiddenSingle·18 NakedSingle·1 NakedPair·1 LockedPair·2 LockedCandidatesType1(Pointing)·1 LockedCandidatesType2(Claiming)·2 XY-Wing·1 W-Wing·2 X-Wing
008065000000010040020003906000400300014000000000027000000000092302100080057600000|sstsw(1)ssts|Hard|928|20 FullHouse·14 HiddenSingle·1 HiddenTriple·23 NakedSingle·2 LockedCandidatesType1(Pointing)·1 LockedCandidatesType2(Claiming)·1 XY-Wing·1 W-Wing
000800039006003005000200701903006087210908000000100300700000000000001000068090000|sstsw(2)s|Hard|654|20 FullHouse·23 HiddenSingle·13 NakedSingle·1 LockedCandidatesType1(Pointing)·1 W-Wing
026093000300800000901700000000000180200000000000000605050082300780010006030000450|sstsw(1)s|Hard|584|20 FullHouse·15 HiddenSingle·21 NakedSingle·1 NakedPair·1 W-Wing
100405027005601000007390000000009000000504009000000013030000071480000605200000000|sstsw(3)s|Hard|764|19 FullHouse·14 HiddenSingle·23 NakedSingle·5 LockedCandidatesType1(Pointing)·1 W-Wing
590003004017020605000400000030000000800600002902800700000000380060000000000305940|sstsw(1)s|Hard|764|21 FullHouse·18 HiddenSingle·17 NakedSingle·1 LockedTriple·3 LockedCandidatesType1(Pointing)·1 W-Wing
004000200000000059010900480200300000800000040361070000000010006080050010009480000|sstsw(1)s|Hard|968|21 FullHouse·16 HiddenSingle·20 NakedSingle·1 NakedPair·1 NakedTriple·1 LockedPair·5 LockedCandidatesType1(Pointing)·1 W-Wing
400900805050060300070005000000000009000154000030006207960030000000080900000000160|sw(1)sw(2)s|Hard|698|20 FullHouse·17 HiddenSingle·20 NakedSingle·2 W-Wing
000003701200006000073000900002010004000008000704200000010082000069000000000700509|sstsw(1)s|Hard|1032|21 FullHouse·22 HiddenSingle·15 NakedSingle·1 NakedTriple·6 LockedCandidatesType1(Pointing)·1 LockedCandidatesType2(Claiming)·1 W-Wing
040009500050067040280000906800000005000015230900000001000054169092000000000000000|sstsw(2)s|Hard|830|21 FullHouse·16 HiddenSingle·18 NakedSingle·2 LockedCandidatesType1(Pointing)·4 LockedCandidatesType2(Claiming)·1 W-Wing
109005000070000020080000470006042809001009503000000200000063084900000000000400000|sstsw(1)s|Hard|868|19 FullHouse·14 HiddenSingle·24 NakedSingle·6 LockedCandidatesType1(Pointing)·1 LockedCandidatesType2(Claiming)·1 W-Wing
070000004016000000000430050000006300907000002060000091030981000020000000000002865|sstsw(2)s|Hard|568|19 FullHouse·9 HiddenSingle·29 NakedSingle·2 LockedCandidatesType1(Pointing)·1 W-Wing
002030060300000025000006100027900000000004280109000034703000000006250010000000000|sstsw(1)ssts|Hard|1118|21 FullHouse·13 HiddenSingle·23 NakedSingle·1 NakedPair·4 LockedCandidatesType1(Pointing)·1 LockedCandidatesType2(Claiming)·1 XY-Wing·1 W-Wing·1 X-Wing
106002009430000000200540000070650000001000030000000618000010000008000002900068007|sstsw(1)s|Hard|548|20 FullHouse·12 HiddenSingle·25 NakedSingle·1 LockedCandidatesType1(Pointing)·1 W-Wing
090000000000500009803060410700000080008790006000001240571300002900050030000000000|sstsw(1)ssts|Hard|1024|20 FullHouse·18 HiddenSingle·18 NakedSingle·3 LockedCandidatesType1(Pointing)·2 XY-Wing·1 W-Wing
000000900000071300005060080270000030000000000000024800000090060493100705100007003|sstsw(2)s|Hard|808|21 FullHouse·10 HiddenSingle·26 NakedSingle·1 NakedTriple·5 LockedCandidatesType1(Pointing)·1 W-Wing
090000000000004006304000582920000007000308010000000800000703629600000100000850000|sstsw(2)s|Hard|718|19 FullHouse·18 HiddenSingle·20 NakedSingle·1 NakedPair·2 LockedCandidatesType1(Pointing)·1 W-Wing
000000930000700006006083400800000500703400000000006001100060000079814000200907000|sstsw(1)ssts|Hard|1244|21 FullHouse·21 HiddenSingle·14 NakedSingle·9 LockedCandidatesType1(Pointing)·1 LockedCandidatesType2(Claiming)·1 XY-Wing·1 W-Wing
007000000000250900400000072000100000080090760050308400000000605023000001000400000|sstsw(1)s|Hard|666|20 FullHouse·13 HiddenSingle·26 NakedSingle·1 NakedPair·1 LockedPair·1 LockedCandidatesType1(Pointing)·1 W-Wing
108036400005000006000005091030090010006000300000000005820300000600001047010000000|sstsw(1)w(1)s|Hard|1028|19 FullHouse·26 HiddenSingle·12 NakedSingle·2 LockedCandidatesType1(Pointing)·2 W-Wing·1 X-Wing
000000060008049025125000004742600000000000000006100000000000680000351070090000000|sstsw(2)s|Hard|942|20 FullHouse·16 HiddenSingle·22 NakedSingle·2 NakedTriple·1 LockedPair·4 LockedCandidatesType1(Pointing)·1 W-Wing
730900080004300601000000007100030008000000040009801000000070093513400000000000006|sstsw(1)w(1)s|Hard|928|20 FullHouse·20 HiddenSingle·17 NakedSingle·1 LockedCandidatesType1(Pointing)·2 W-Wing·1 Swordfish
000001006300007400800000009508000000700080004010702000007048290004000080000090100|sstsw(1)s|Hard|698|18 FullHouse·22 HiddenSingle·17 NakedSingle·1 LockedCandidatesType1(Pointing)·1 LockedCandidatesType2(Claiming)·1 W-Wing
200010400009347000000000030050439001060700000907000000000000009000600840000098602|sstsw(1)s|Hard|1204|19 FullHouse·13 HiddenSingle·24 NakedSingle·2 NakedTriple·6 LockedCandidatesType1(Pointing)·2 LockedCandidatesType2(Claiming)·1 W-Wing·1 X-Wing
069000000480000000000308002001950208007002010200040500570001080000000000000000461|sstsw(1)s|Hard|774|21 FullHouse·14 HiddenSingle·21 NakedSingle·2 NakedTriple·1 LockedCandidatesType1(Pointing)·1 LockedCandidatesType2(Claiming)·1 W-Wing
000009470007018500010000600042005300000094000005103009600000704000820000800000000|sstsw(1)s|Hard|914|21 FullHouse·16 HiddenSingle·19 NakedSingle·1 NakedTriple·4 LockedCandidatesType1(Pointing)·2 LockedCandidatesType2(Claiming)·1 W-Wing
609001000000078000000000001030200049400907000100006800200009000050000023860000007|sstsw(2)s|Hard|1168|20 FullHouse·8 HiddenSingle·29 NakedSingle·2 NakedPair·1 NakedTriple·7 LockedCandidatesType1(Pointing)·1 XY-Wing·1 W-Wing
000803002006700400015000900100300040050019000604000000000007000020000680809002000|sstsw(2)s|Hard|588|19 FullHouse·14 HiddenSingle·1 HiddenPair·24 NakedSingle·1 W-Wing
000080070900300005206540000307000010000000009000020380009800000508010630020000000|sstsw(1)s|Hard|998|21 FullHouse·10 HiddenSingle·26 NakedSingle·1 NakedPair·1 NakedTriple·1 LockedPair·4 LockedCandidatesType1(Pointing)·1 W-Wing·1 X-Wing
102306004083200050000000000400060780030012000000500000000000500000130809020000001|sstsw(1)s|Hard|728|19 FullHouse·14 HiddenSingle·24 NakedSingle·1 NakedPair·2 LockedCandidatesType1(Pointing)·1 LockedCandidatesType2(Claiming)·1 W-Wing
008607040650000000000030007075380600800002000062700000000001970000940083000000100|sstsw(2)s|Hard|750|20 FullHouse·22 HiddenSingle·13 NakedSingle·1 NakedPair·2 LockedCandidatesType1(Pointing)·1 W-Wing
307620100000048000000100026040890200032070800000000000000010700500000063009300008|sstsw(1)s|Hard|680|21 FullHouse·19 HiddenSingle·15 NakedSingle·2 NakedPair·1 W-Wing
000800370040000002020705080001096007006500000230000000008000746400000800000060020|sstsw(2)ssts|Hard|824|18 FullHouse·21 HiddenSingle·17 NakedSingle·1 LockedPair·4 LockedCandidatesType1(Pointing)·1 W-Wing
390000000000500040100000009014097260030600004000002000980070320002000680000000000|sstsw(1)s|Hard|888|21 FullHouse·20 HiddenSingle·16 NakedSingle·1 NakedPair·4 LockedCandidatesType1(Pointing)·1 LockedCandidatesType2(Claiming)·1 W-Wing
900000503000000001437005000008296000005000000070000006000008140200300000051600009|sstsw(1)ssts|Hard|868|18 FullHouse·20 HiddenSingle·19 NakedSingle·1 NakedTriple·1 LockedCandidatesType1(Pointing)·1 XY-Wing·1 W-Wing
540920007067003002080010050000000000250000800000060001400000000008007160000400200|sstsw(2)s|Hard|858|21 FullHouse·7 HiddenSingle·29 NakedSingle·1 NakedTriple·2 LockedPair·4 LockedCandidatesType1(Pointing)·1 LockedCandidatesType2(Claiming)·1 W-Wing
700053900002000601043000000000006700000000010080002009000300000120409007090100500|sstsw(1)s|Hard|788|21 FullHouse·20 HiddenSingle·16 NakedSingle·1 NakedPair·3 LockedCandidatesType1(Pointing)·1 W-Wing
130000002000059030000008104000000400000060010048000003010600000006415200079020000|sstsw(2)s|Hard|614|20 FullHouse·13 HiddenSingle·23 NakedSingle·1 NakedPair·1 LockedCandidatesType1(Pointing)·1 W-Wing
964000000000000001050000070031050006000031400000004700003017800000000000890605007|sstsw(1)w(3)sstsw(1)s|Hard|1218|20 FullHouse·16 HiddenSingle·21 NakedSingle·1 NakedPair·1 NakedTriple·2 LockedCandidatesType1(Pointing)·3 W-Wing·1 X-Wing
800000000230000100010900680005010490300002006000000000000000009000827000001403007|sstsw(1)ssts|Hard|1232|21 FullHouse·19 HiddenSingle·18 NakedSingle·9 LockedCandidatesType1(Pointing)·1 LockedCandidatesType2(Claiming)·1 XY-Wing·1 W-Wing
620070000009000200100000030000000000030095070000006518263000000000600000050148002|sstsw(2)s|Hard|708|20 FullHouse·17 HiddenSingle·20 NakedSingle·1 NakedPair·1 LockedCandidatesType1(Pointing)·1 LockedCandidatesType2(Claiming)·1 W-Wing
003480500080000061500000403000000000300018600000072005000051370600900000000040050|sstsw(1)s|Hard|964|19 FullHouse·16 HiddenSingle·1 HiddenPair·21 NakedSingle·1 LockedTriple·1 XY-Wing·1 W-Wing·1 X-Wing
000008003200700850000000020600009100500030000040087000001000904403000000020305700|sstsw(1)sw(2)s|Hard|1058|20 FullHouse·12 HiddenSingle·25 NakedSingle·1 NakedPair·4 LockedCandidatesType1(Pointing)·3 LockedCandidatesType2(Claiming)·2 W-Wing
000630900070002000004000006200504800930080000007920050040009070000000000500400100|sstsw(1)s|Hard|738|19 FullHouse·22 HiddenSingle·16 NakedSingle·1 NakedPair·1 NakedTriple·1 W-Wing
000010000500007006682000015800950001000000040030200000976030000004001800000000000|sstsw(1)s|Hard|652|20 FullHouse·14 HiddenSingle·24 NakedSingle·1 NakedTriple·1 LockedCandidatesType1(Pointing)·1 W-Wing
406080500021000003050016040000000000900400000000205319000009000000030460002800000|sstsw(1)s|Hard|768|21 FullHouse·20 HiddenSingle·16 NakedSingle·1 LockedCandidatesType1(Pointing)·1 W-Wing·1 X-Wing
050000000000004091068007300000900003673000010000000056300000000001603429040800000|sstsw(3)s|Hard|684|20 FullHouse·8 HiddenSingle·28 NakedSingle·2 LockedPair·2 LockedCandidatesType1(Pointing)·1 LockedCandidatesType2(Claiming)·1 W-Wing
009700520005100300068005000500300000020000400800400006003000290000041000000630040|sstsw(1)w(1)s|Hard|1044|20 FullHouse·13 HiddenSingle·23 NakedSingle·1 NakedPair·1 NakedTriple·2 LockedCandidatesType1(Pointing)·3 LockedCandidatesType2(Claiming)·2 W-Wing
609280000070000150000000000000094002400000079000000800010009700700800000085002090|sstsw(1)s|Hard|762|19 FullHouse·24 HiddenSingle·15 NakedSingle·1 W-Wing·1 X-Wing
070004000000580079410009300000000800000600047000070063163000000080020000020010090|sstsw(1)s|Hard|974|21 FullHouse·11 HiddenSingle·24 NakedSingle·1 NakedPair·1 NakedTriple·4 LockedCandidatesType1(Pointing)·3 LockedCandidatesType2(Claiming)·1 W-Wing
107200406000700030000013000700609000014030000500001000020000600001020705000956002|sstsw(2)s|Hard|596|20 FullHouse·8 HiddenSingle·26 NakedSingle·3 LockedCandidatesType1(Pointing)·1 W-Wing
000000000000000026054870000000000080100030000040052670006000407300009008078060032|sstsw(2)s|Hard|824|20 FullHouse·16 HiddenSingle·20 NakedSingle·1 LockedPair·2 LockedCandidatesType1(Pointing)·3 LockedCandidatesType2(Claiming)·1 W-Wing
024500000009084100000000087000000700040605000000009368200000000000008003580030070|sstsw(1)s|Hard|708|20 FullHouse·23 HiddenSingle·14 NakedSingle·2 LockedCandidatesType1(Pointing)·1 W-Wing
100000090000173800000000020300800000040007100007900000002000704080701002010026009|sstsw(2)ssts|Hard|964|20 FullHouse·18 HiddenSingle·18 NakedSingle·4 LockedCandidatesType1(Pointing)·1 LockedCandidatesType2(Claiming)·1 XY-Wing·1 W-Wing
000000004300000800060500200008003001700000000090074003470900060000200005002357100|sstsw(3)s|Hard|564|19 FullHouse·13 HiddenSingle·24 NakedSingle·1 NakedPair·1 W-Wing
000800039071000000000002000007005100020071560000004072690000340015000000030000920|sstsw(2)s|Hard|860|20 FullHouse·11 HiddenSingle·1 HiddenTriple·24 NakedSingle·1 NakedPair·1 NakedTriple·1 LockedPair·2 LockedCandidatesType1(Pointing)·1 W-Wing
090040008000007036870003000906000073004035009100000000000058000300106000000270060|sstsw(1)s|Hard|490|21 FullHouse·7 HiddenSingle·27 NakedSingle·1 LockedCandidatesType1(Pointing)·1 W-Wing
060030007930000604700060000400000000078000400000000058300500080001200000020610035|sw(2)sw(2)s|Hard|724|20 FullHouse·20 HiddenSingle·16 NakedSingle·2 W-Wing
000740096600032000000900053970000000000006100008500000002400005107000040000090000|sstsw(1)s|Hard|942|20 FullHouse·20 HiddenSingle·18 NakedSingle·2 NakedPair·1 LockedPair·4 LockedCandidatesType1(Pointing)·1 W-Wing
000000006801070000000590400000008070096000000100700050000900000040200817300006500|sstsw(1)s|Hard|722|20 FullHouse·14 HiddenSingle·24 NakedSingle·1 NakedPair·1 W-Wing·1 X-Wing
000086074000000000000400802005041060000000008000690410060030000073205001400108000|sstsw(2)s|Hard|1030|20 FullHouse·8 HiddenSingle·1 HiddenPair·1 HiddenTriple·27 NakedSingle·2 NakedTriple·4 LockedCandidatesType1(Pointing)·1 LockedCandidatesType2(Claiming)·1 W-Wing
790006008000015000200000009050000380000004000000800020080250100003000894010000002|sstsw(1)s|Hard|878|20 FullHouse·23 HiddenSingle·14 NakedSingle·2 NakedPair·3 LockedCandidatesType1(Pointing)·1 W-Wing
000007010000000800809150067300080500060000000700060081270000005140570000000000300|sstsw(1)s|Hard|794|21 FullHouse·27 HiddenSingle·8 NakedSingle·3 LockedCandidatesType1(Pointing)·1 W-Wing
000002000600070130920415000000794000000000600250000000000046080300100070100000004|sstsw(3)s|Hard|1138|19 FullHouse·14 HiddenSingle·24 NakedSingle·3 NakedPair·1 LockedPair·6 LockedCandidatesType1(Pointing)·2 LockedCandidatesType2(Claiming)·1 W-Wing
046000000008006590200000000000090036825000000000000000070003000300002158000100200|sstsw(3)w(3)w(2)s|Hard|976|21 FullHouse·14 HiddenSingle·24 NakedSingle·3 LockedCandidatesType1(Pointing)·3 W-Wing
137000004400100000050000003000280090000004250000010480800070620200039000079000000|sstsw(2)w(2)sw(2)s|Hard|1070|19 FullHouse·16 HiddenSingle·20 NakedSingle·1 NakedPair·1 NakedTriple·2 LockedCandidatesType1(Pointing)·3 W-Wing
100020703000000940040000000006095002805000000020807000700000010000042867060000200|sstsw(2)s|Hard|984|21 FullHouse·14 HiddenSingle·21 NakedSingle·2 NakedPair·7 LockedCandidatesType1(Pointing)·1 W-Wing
000000009009804060007001040500000427000010000002900000000003006070200018100600290|sw(1)s|Hard|544|21 FullHouse·17 HiddenSingle·18 NakedSingle·1 W-Wing
800700005000086709050040003090004000704105020080030046001070000000000600900000004|sstsw(1)s|Hard|470|21 FullHouse·4 HiddenSingle·30 NakedSingle·1 NakedPair·1 W-Wing
003080000801320070060100000700000300008000510326000400930000000000200080000005901|sstsw(1)ssts|Hard|844|20 FullHouse·5 HiddenSingle·31 NakedSingle·2 LockedCandidatesType1(Pointing)·2 XY-Wing·1 W-Wing
000000000000070032050480609206000000000040000000100000430005000009010570700009320|sstsw(1)s|Hard|542|21 FullHouse·4 HiddenSingle·33 NakedSingle·2 NakedPair·1 W-Wing
008570000290006000004000000750009280000000000000000971080060002030004090005107406|sstsw(1)s|Hard|610|21 FullHouse·19 HiddenSingle·15 NakedSingle·1 LockedCandidatesType2(Claiming)·1 W-Wing
050090000000000410600500007039000040064000002070009000000042700402015000000003050|sstsw(2)s|Hard|958|20 FullHouse·24 HiddenSingle·13 NakedSingle·1 NakedPair·1 NakedTriple·2 LockedCandidatesType1(Pointing)·2 LockedCandidatesType2(Claiming)·1 W-Wing
390000600008206050021300700003745000010000000000008000000000980007900501002000070|sstsw(1)ssts|Hard|1054|19 FullHouse·8 HiddenSingle·2 HiddenPair·29 NakedSingle·3 LockedCandidatesType1(Pointing)·3 LockedCandidatesType2(Claiming)·1 XY-Wing·1 W-Wing
630001000000000000005000087100000730000000060006584210403690820008000300000050000|sstsw(1)sstsw(1)ssts|Hard|1264|19 FullHouse·8 HiddenSingle·29 NakedSingle·2 NakedTriple·1 LockedTriple·6 LockedCandidatesType1(Pointing)·2 W-Wing·1 X-Wing
080000020005901804100000700600090400000040030000007100000000003000012000006008250|sstsw(1)s|Hard|842|20 FullHouse·8 HiddenSingle·30 NakedSingle·3 NakedPair·4 LockedCandidatesType1(Pointing)·1 W-Wing
000013070807000050600095802096000200400000000030060000000004000700002095200001007|sstsw(1)s|Hard|904|19 FullHouse·18 HiddenSingle·19 NakedSingle·6 LockedCandidatesType1(Pointing)·1 LockedCandidatesType2(Claiming)·1 W-Wing
100730000307056000000000000000004900208305000003078100000007801080000490064000030|sw(2)s|Hard|550|19 FullHouse·18 HiddenSingle·18 NakedSingle·1 W-Wing
010040000009620050000108060300805000040007009700000020000000000000000740608300000|sstsw(1)s|Hard|746|21 FullHouse·8 HiddenSingle·30 NakedSingle·1 LockedPair·2 LockedCandidatesType1(Pointing)·1 W-Wing·1 X-Wing
000079000310000200000000908600000021170002800040006000000835004000400100000000306|sstsw(1)w(1)s|Hard|898|20 FullHouse·14 HiddenSingle·23 NakedSingle·1 NakedTriple·3 LockedCandidatesType1(Pointing)·2 W-Wing
000349000800060300000700020008091705900000000070000010109604008350000049000000003|sstsw(2)s|Hard|590|20 FullHouse·17 HiddenSingle·18 NakedSingle·1 LockedCandidatesType1(Pointing)·1 W-Wing
102000000600491200070000000009805000000030000000060004000040006904702300025000080|sstsw(2)ssts|Hard|858|18 FullHouse·19 HiddenSingle·20 NakedSingle·1 LockedPair·4 LockedCandidatesType1(Pointing)·1 LockedCandidatesType2(Claiming)·1 W-Wing
000030100004600200592000030003400600700000000000060710908010005450000800000000000|sstsw(2)s|Hard|982|21 FullHouse·16 HiddenSingle·21 NakedSingle·1 NakedPair·1 NakedTriple·5 LockedCandidatesType1(Pointing)·1 LockedCandidatesType2(Claiming)·1 W-Wing
000000096040000001003091520001025080009000760050300000006050040092736000000010000|sstsw(1)s|Hard|1136|20 FullHouse·14 HiddenSingle·20 NakedSingle·3 NakedPair·2 NakedTriple·1 LockedPair·2 LockedCandidatesType1(Pointing)·1 W-Wing·1 Swordfish
000008000000012359600009002240000000000000005050497800786003000000020000420800000|sstsw(2)s|Hard|654|20 FullHouse·15 HiddenSingle·21 NakedSingle·1 NakedTriple·1 LockedCandidatesType2(Claiming)·1 W-Wing
390040000800003000000060470083600000056129000900000000000000049600000807000072600|sstsw(2)s|Hard|564|20 FullHouse·14 HiddenSingle·22 NakedSingle·1 LockedCandidatesType1(Pointing)·1 W-Wing
810000090006000800000600002780040015400090000059000080000430000000007600000805037|sstsw(1)s|Hard|584|21 FullHouse·16 HiddenSingle·19 NakedSingle·1 LockedCandidatesType1(Pointing)·1 W-Wing
800004000009000106056000900000100050700000010000000308000501000007008004038760000|sstsw(1)s|Hard|862|18 FullHouse·23 HiddenSingle·17 NakedSingle·2 NakedPair·1 NakedTriple·1 LockedCandidatesType1(Pointing)·1 W-Wing
800700090000560100000832750000000000480020000290000045001080030000000006720046500|sstsw(2)sstsw(2)s|Hard|1046|20 FullHouse·11 HiddenSingle·23 NakedSingle·1 NakedPair·4 LockedCandidatesType1(Pointing)·1 XY-Wing·2 W-Wing
000000003000000000100902408010000040070801005346000801000100007659007000000209050|sstsw(1)s|Hard|800|20 FullHouse·12 HiddenSingle·23 NakedSingle·1 NakedTriple·2 LockedPair·1 W-Wing·1 Swordfish
010000005290007000400000000000006000086700003000002807500100030020000000003800401|sstsw(2)s|Hard|866|20 FullHouse·9 HiddenSingle·30 NakedSingle·1 NakedPair·1 NakedTriple·1 LockedTriple·1 LockedCandidatesType1(Pointing)·1 W-Wing·1 X-Wing
800602400000010200000800360200308604509074020000000000030000705754000000000000000|sstsw(1)s|Hard|1064|20 FullHouse·9 HiddenSingle·27 NakedSingle·3 NakedPair·2 NakedTriple·1 LockedTriple·3 LockedCandidatesType1(Pointing)·1 LockedCandidatesType2(Claiming)·1 W-Wing
005000000000000040030089000007000052493500600080090070010602387000040000000000060|sw(2)s|Hard|438|21 FullHouse·6 HiddenSingle·30 NakedSingle·1 W-Wing
020600800000000004040089670000400030002000008000702000004260309000000000008300041|sw(1)s|Hard|608|20 FullHouse·23 HiddenSingle·14 NakedSingle·1 W-Wing
006000209020016000000080670000030008000768503040000900005001400060420005000090000|sstsw(1)s|Hard|570|21 FullHouse·7 HiddenSingle·27 NakedSingle·1 NakedTriple·1 LockedCandidatesType1(Pointing)·1 W-Wing
700500000002400081930000000000000690000009038600045000000010006004000009000028710|sstsw(1)w(2)s|Hard|638|21 FullHouse·6 HiddenSingle·30 NakedSingle·1 LockedCandidatesType1(Pointing)·2 W-Wing
001000008074056000000000010000003000080761000000804632600000000000002094052070000|sstsw(2)w(1)s|Hard|988|21 FullHouse·12 HiddenSingle·24 NakedSingle·1 LockedPair·4 LockedCandidatesType1(Pointing)·2 LockedCandidatesType2(Claiming)·2 W-Wing
005000000049050003002970406790000000000017200301680000000000000000005087006000390|sstsw(1)s|Hard|784|19 FullHouse·18 HiddenSingle·19 NakedSingle·3 NakedPair·1 LockedCandidatesType2(Claiming)·1 W-Wing
000005904050000026200600000007041000000000003401800000600054009002009000040076005|sstsw(2)s|Hard|554|20 FullHouse·12 HiddenSingle·24 NakedSingle·1 NakedPair·1 W-Wing
000000010300000002150034706805000000023500009090400060000705604000000000600040003|sstsw(1)s|Hard|654|21 FullHouse·13 HiddenSingle·22 NakedSingle·1 LockedCandidatesType1(Pointing)·2 LockedCandidatesType2(Claiming)·1 W-Wing
090050730000107090201600000000060000000001070023004000600028010000000042900000367|sstsw(3)sw(2)ssts|Hard|880|19 FullHouse·16 HiddenSingle·20 NakedSingle·3 LockedCandidatesType1(Pointing)·1 LockedCandidatesType2(Claiming)·2 W-Wing
409007100170500000000904000000030057080000000025000019500000036863050070000000002|sstsw(2)s|Hard|900|21 FullHouse·11 HiddenSingle·23 NakedSingle·2 NakedPair·6 LockedCandidatesType1(Pointing)·1 W-Wing
480620900050007000009000020601050008000000000002004300900200860000500400003000005|sstsw(1)s|Hard|558|21 FullHouse·13 HiddenSingle·23 NakedSingle·1 LockedCandidatesType1(Pointing)·1 W-Wing
002003000478000000000060700000000000003000009004019030010030025000070090620008400|sstsw(1)s|Hard|762|21 FullHouse·17 HiddenSingle·20 NakedSingle·1 NakedPair·2 LockedCandidatesType1(Pointing)·1 LockedCandidatesType2(Claiming)·1 W-Wing
