701403056000015200000000130000200000405000080090050007000700309000000000139000005|sstsw(1)s|Hard|654|20 FullHouse·10 HiddenSingle·26 NakedSingle·1 NakedTriple·2 LockedCandidatesType1(Pointing)·1 W-Wing
501000000004009010800000000000008100000700090000001627006800345410200800007500000|sstsw(1)s|Hard|904|20 FullHouse·16 HiddenSingle·20 NakedSingle·1 LockedCandidatesType2(Claiming)·2 XY-Wing·1 W-Wing
004000000000000390970352000090007000000000800017890004086900020000000016700260040|sstsw(2)s|Hard|670|18 FullHouse·26 HiddenSingle·11 NakedSingle·1 LockedPair·1 W-Wing
052074800086000150900000000690040010000000000040100200000069040300500020020000005|sstsw(2)s|Hard|744|19 FullHouse·18 HiddenSingle·19 NakedSingle·1 LockedCandidatesType1(Pointing)·1 W-Wing·1 X-Wing
760000004800901005200000001010008200400000000000540000030200500080600000102095030|sstssk(2)s|Hard|934|21 FullHouse·12 HiddenSingle·1 HiddenPair·23 NakedSingle·1 NakedTriple·3 LockedCandidatesType1(Pointing)·1 Skyscraper·1 XY-Wing
504080610070900300000200000000008000400050000068000021790000000000060000200003068|sstsw(1)s|Hard|862|20 FullHouse·9 HiddenSingle·29 NakedSingle·1 NakedPair·1 NakedTriple·4 LockedCandidatesType1(Pointing)·1 LockedCandidatesType2(Claiming)·1 W-Wing
736000000000007108000092000000561830000020000000000004600000002020140300080003040|sstssk(1)s|Hard|908|20 FullHouse·14 HiddenSingle·23 NakedSingle·1 NakedPair·7 LockedCandidatesType1(Pointing)·1 Skyscraper
006710005470000002010005000502100000000050004069000000080000103390080000000940020|sstssk(2)s|Hard|834|20 FullHouse·12 HiddenSingle·24 NakedSingle·2 NakedTriple·1 LockedCandidatesType1(Pointing)·1 Skyscraper·1 Swordfish
080900060000000007005120003710000000060009000000000740000500039000032800002006005|sstsxy(1)s|Hard|862|19 FullHouse·28 HiddenSingle·11 NakedSingle·1 LockedCandidatesType1(Pointing)·1 XY-Wing·1 X-Wing
056004900000000015040000000000006079008000100200030000001000037309200800400600000|sstssk(3)s|Hard|602|19 FullHouse·9 HiddenSingle·30 NakedSingle·2 LockedCandidatesType1(Pointing)·1 LockedCandidatesType2(Claiming)·1 Skyscraper
000075204002030006000000009600000030007602000100090000040723610301080000000000040|sstssk(2)s|Hard|824|19 FullHouse·21 HiddenSingle·16 NakedSingle·1 NakedPair·4 LockedCandidatesType1(Pointing)·1 Skyscraper
006000000070910000052407806000002000490600000087000030000000025004090000000800091|sxy(2)s|Hard|508|21 FullHouse·12 HiddenSingle·24 NakedSingle·1 XY-Wing
010002040260004380008500009009300000000005001570000000020400800000000500000090067|sstssk(3)s|Hard|608|20 FullHouse·15 HiddenSingle·22 NakedSingle·1 LockedCandidatesType1(Pointing)·1 LockedCandidatesType2(Claiming)·1 Skyscraper
970000005060130700000006802510704080600008000800021000000040000000000647000000001|sstsw(1)s|Hard|744|20 FullHouse·4 HiddenSingle·32 NakedSingle·1 NakedTriple·4 LockedCandidatesType1(Pointing)·1 LockedCandidatesType2(Claiming)·1 W-Wing
800060004002000067960502000000000005008000000000407930000058000040090003300000020|sstssk(3)s|Hard|1162|19 FullHouse·17 HiddenSingle·22 NakedSingle·3 NakedPair·9 LockedCandidatesType1(Pointing)·1 Skyscraper
520100036000703000690000000000035090004000000000680000000800600019000080005090701|sstsxy(1)s|Hard|868|20 FullHouse·21 HiddenSingle·16 NakedSingle·2 NakedPair·3 LockedCandidatesType1(Pointing)·1 XY-Wing
000560430002000000000000927025070098706098000001004000000000800000120000000009050|sstsxy(3)s|Hard|748|20 FullHouse·8 HiddenSingle·29 NakedSingle·3 NakedPair·2 LockedCandidatesType1(Pointing)·1 XY-Wing
000010000000708096903000002209000000000003000000500019107900200006000004002865000|ssk(2)s|Hard|498|20 FullHouse·14 HiddenSingle·23 NakedSingle·1 Skyscraper
000000009001000600080063040002570000000080070000642310010400000500200006030000090|sstssk(2)s|Hard|918|19 FullHouse·26 HiddenSingle·12 NakedSingle·5 LockedCandidatesType1(Pointing)·1 LockedCandidatesType2(Claiming)·1 Skyscraper
000000327005000000928000000100084009002300781050000000000218000700000040000600100|sstsw(2)s|Hard|698|19 FullHouse·27 HiddenSingle·11 NakedSingle·1 LockedCandidatesType1(Pointing)·1 W-Wing
040003000007008315860000000650000001100000020000000000000600900004080030020090040|sstsw(4)s|Hard|526|21 FullHouse·8 HiddenSingle·30 NakedSingle·1 NakedPair·1 W-Wing
000080091029700000000050000016300000000000107003900084040230500907008002200000000|sstsxy(1)s|Hard|754|20 FullHouse·21 HiddenSingle·15 NakedSingle·1 NakedPair·2 LockedCandidatesType1(Pointing)·1 XY-Wing
005006071070000020600000004002000853508340000000020090000000000000018706306090000|sstssk(1)s|Hard|644|20 FullHouse·10 HiddenSingle·26 NakedSingle·1 LockedPair·2 LockedCandidatesType1(Pointing)·1 LockedCandidatesType2(Claiming)·1 Skyscraper
000760003030204100000000006200009060075020000000430720090801000040000090007000500|sstssk(2)s|Hard|614|19 FullHouse·15 HiddenSingle·22 NakedSingle·1 NakedPair·1 LockedCandidatesType1(Pointing)·1 Skyscraper
000006904800000027002508000000000000005213000010009008900800010030100009000072000|sstsw(2)s|Hard|978|19 FullHouse·25 HiddenSingle·13 NakedSingle·1 NakedPair·3 LockedCandidatesType1(Pointing)·1 W-Wing·1 X-Wing
412000000000000000006900042060703000000020080028050069549000018000000000000304020|sstsw(1)s|Hard|674|20 FullHouse·16 HiddenSingle·20 NakedSingle·1 LockedPair·2 LockedCandidatesType2(Claiming)·1 W-Wing
600000000000000017543000020835010000000096000000000000000001056900800700010300004|sstssk(2)s|Hard|756|20 FullHouse·12 HiddenSingle·1 HiddenPair·27 NakedSingle·4 LockedCandidatesType1(Pointing)·1 Skyscraper
560310000028005000000000000000000703600001000004058201000400320000000000007080509|sstsxy(1)s|Hard|1042|20 FullHouse·12 HiddenSingle·26 NakedSingle·1 NakedTriple·9 LockedCandidatesType1(Pointing)·1 XY-Wing
306000000700591020000000000000008740000200018000000000905607003200040000000080192|sstsxy(2)s|Hard|598|20 FullHouse·10 HiddenSingle·27 NakedSingle·1 NakedPair·1 LockedCandidatesType1(Pointing)·1 XY-Wing
600004070091000560040002031500901400003007000000080009000100000006800000000070095|sstsw(2)s|Hard|724|19 FullHouse·10 HiddenSingle·27 NakedSingle·5 LockedCandidatesType1(Pointing)·1 W-Wing
547000000000000901000000000001070062000004500006030007089012030200000000000047019|sstsw(2)s|Hard|798|18 FullHouse·17 HiddenSingle·1 HiddenPair·22 NakedSingle·1 NakedTriple·2 LockedCandidatesType1(Pointing)·1 W-Wing
304010005000000000078640000089000020000852600060001070000563002000000040007200000|sstsw(1)s|Hard|1114|20 FullHouse·18 HiddenSingle·18 NakedSingle·1 NakedPair·2 LockedCandidatesType1(Pointing)·2 LockedCandidatesType2(Claiming)·1 XY-Wing·1 W-Wing·1 X-Wing
001000700000000000940700000000038025020005400800009000050006002410000000600502008|sstsxy(1)s|Hard|1512|20 FullHouse·9 HiddenSingle·2 HiddenPair·29 NakedSingle·5 NakedTriple·1 LockedPair·5 LockedCandidatesType1(Pointing)·4 LockedCandidatesType2(Claiming)·1 XY-Wing
200001530000002701390040020000000000700000350006800004140000005003105000020000080|sstssk(3)s|Hard|584|20 FullHouse·18 HiddenSingle·18 NakedSingle·1 LockedCandidatesType2(Claiming)·1 Skyscraper
000000930090206070000140008009800000403000025500000000000000260070010000006502401|sstsw(2)s|Hard|544|21 FullHouse·12 HiddenSingle·23 NakedSingle·1 LockedCandidatesType1(Pointing)·1 W-Wing
097000000620090800000040000400000000000000708009036200000507021010320090005000003|sstsw(3)s|Hard|758|21 FullHouse·11 HiddenSingle·25 NakedSingle·1 NakedTriple·1 LockedCandidatesType1(Pointing)·1 W-Wing·1 X-Wing
040380060000002080000000473104000009002500800050004300000000030800009702301000000|sstsw(4)s|Hard|624|21 FullHouse·9 HiddenSingle·26 NakedSingle·1 NakedPair·1 LockedCandidatesType1(Pointing)·1 LockedCandidatesType2(Claiming)·1 W-Wing
700000009009600800000105020600002008007040000050070600000020001000903002030000000|sstssk(1)ssk(2)s|Hard|846|19 FullHouse·21 HiddenSingle·19 NakedSingle·1 NakedPair·1 NakedTriple·2 Skyscraper
690000008007500000000030000000000076200083504000279000480000000000007009000026410|sstsw(1)s|Hard|578|20 FullHouse·15 HiddenSingle·22 NakedSingle·1 LockedCandidatesType1(Pointing)·1 W-Wing
100089230040000000000040095400100750200000000050000000000203000000400000090005648|sstsw(1)s|Hard|852|20 FullHouse·11 HiddenSingle·27 NakedSingle·1 NakedPair·1 LockedPair·1 LockedTriple·3 LockedCandidatesType1(Pointing)·1 LockedCandidatesType2(Claiming)·1 W-Wing
000289040070000050000000900704650080800000000050000000000003004200974500060000370|sstssk(3)s|Hard|1008|20 FullHouse·11 HiddenSingle·1 HiddenPair·26 NakedSingle·1 NakedPair·2 NakedTriple·5 LockedCandidatesType1(Pointing)·1 Skyscraper
003000100004700286520000040050400000000307000000065702300000000000010005086000000|sstssk(2)s|Hard|922|19 FullHouse·13 HiddenSingle·26 NakedSingle·1 NakedTriple·4 LockedCandidatesType1(Pointing)·3 LockedCandidatesType2(Claiming)·1 Skyscraper
060403070700060000320500406000386500501000000000000700000000040008100002900005010|sstsw(1)s|Hard|754|21 FullHouse·8 HiddenSingle·1 HiddenTriple·27 NakedSingle·4 LockedCandidatesType1(Pointing)·1 W-Wing
000500000500149067004000000000083000007000009040000821750000002000200000020637104|sstssk(3)s|Hard|710|18 FullHouse·13 HiddenSingle·24 NakedSingle·1 NakedTriple·1 LockedCandidatesType1(Pointing)·2 LockedCandidatesType2(Claiming)·1 Skyscraper
000300200900010000000908010000002000001050700567400000209005007105049003000000000|sstssk(2)s|Hard|888|21 FullHouse·21 HiddenSingle·1 HiddenPair·15 NakedSingle·3 LockedCandidatesType1(Pointing)·2 LockedCandidatesType2(Claiming)·1 Skyscraper
920000000010008004600903000002000840030817090000000006090000007000004502780000060|sstsxy(2)s|Hard|534|20 FullHouse·10 HiddenSingle·26 NakedSingle·1 LockedCandidatesType1(Pointing)·1 XY-Wing
040005000080020300006100000000000080301047000000300900020050000000000064079000012|sstsw(1)s|Hard|996|19 FullHouse·14 HiddenSingle·1 HiddenPair·26 NakedSingle·6 LockedCandidatesType1(Pointing)·2 LockedCandidatesType2(Claiming)·1 W-Wing
800070094210005006300006070004300580000000000000980300063000010005000000000000403|sstsbf2(2)s|Hard|608|21 FullHouse·20 HiddenSingle·16 NakedSingle·1 LockedPair·1 X-Wing
003700540250018000007300800030009004000000020060005001080000000000060000309000070|sstsh3(5)s|Medium|672|21 FullHouse·14 HiddenSingle·1 HiddenTriple·23 NakedSingle·4 LockedCandidatesType1(Pointing)
000000070009000030000059008000000310510006080032090600001200000080935420053000000|sstssk(2)s|Hard|1020|21 FullHouse·10 HiddenSingle·1 HiddenPair·24 NakedSingle·2 NakedPair·1 NakedTriple·3 LockedCandidatesType1(Pointing)·3 LockedCandidatesType2(Claiming)·1 Skyscraper
090023007007900005000000000000000090001407830000180000000300040814200006025006000|sstsxy(1)s|Hard|614|20 FullHouse·17 HiddenSingle·19 NakedSingle·1 NakedPair·1 XY-Wing
000000050000930060408500000025468000009100000000007000070000009090070028041600003|sstssk(1)s|Hard|654|21 FullHouse·10 HiddenSingle·25 NakedSingle·1 NakedPair·1 Skyscraper·1 X-Wing
090070800006390002002000000900004060150000400000008000400000100007026000000030007|sstsw(2)s|Hard|1076|20 FullHouse·15 HiddenSingle·24 NakedSingle·2 NakedPair·1 NakedTriple·4 LockedCandidatesType1(Pointing)·1 W-Wing·1 X-Wing
170008094000150700000000060003000240047300000000060000031000000060009007000012005|ssk(2)s|Hard|628|19 FullHouse·27 HiddenSingle·11 NakedSingle·1 Skyscraper
000000000002901007040635000020790063000000000310080700501307800000000250000000000|sxy(1)s|Hard|528|20 FullHouse·14 HiddenSingle·23 NakedSingle·1 XY-Wing
000010000000070020600200000008002530004000002900400001003000005067100900080060100|sstssk(3)s|Hard|752|20 FullHouse·13 HiddenSingle·25 NakedSingle·1 NakedPair·4 LockedCandidatesType1(Pointing)·1 Skyscraper
350000090800000300001000000000009700006000804000480020005260009070040130064300000|sstsxy(2)s|Hard|604|20 FullHouse·17 HiddenSingle·19 NakedSingle·1 LockedCandidatesType1(Pointing)·1 XY-Wing
006079800000000002100050007000000001800060009000738000602000300004190206009000000|sstssk(2)s|Hard|868|20 FullHouse·18 HiddenSingle·19 NakedSingle·1 NakedTriple·3 LockedCandidatesType1(Pointing)·2 LockedCandidatesType2(Claiming)·1 Skyscraper
000000083000100006000954000075000100090000008600320000000200000060000007923010400|sstsxy(2)s|Hard|772|17 FullHouse·14 HiddenSingle·27 NakedSingle·2 LockedPair·1 LockedTriple·2 LockedCandidatesType1(Pointing)·1 XY-Wing
008200001400006090630800000000000000501948000200607800000000000000100570306050200|sstsw(1)s|Hard|584|21 FullHouse·15 HiddenSingle·20 NakedSingle·1 NakedPair·1 W-Wing
080940000050000206000000000000080350290001087000000010000050400700600000040300570|sstsw(2)s|Hard|752|20 FullHouse·14 HiddenSingle·24 NakedSingle·3 NakedPair·1 LockedCandidatesType1(Pointing)·1 W-Wing
003006029005002000002403650000300160000040000090800004020600700400000500000100030|sstssk(2)s|Hard|764|20 FullHouse·14 HiddenSingle·1 HiddenPair·22 NakedSingle·4 LockedCandidatesType1(Pointing)·1 Skyscraper
000080706000000002000100050840000560000290041500400007070806020609024000000300000|sstsw(1)s|Hard|550|21 FullHouse·4 HiddenSingle·30 NakedSingle·1 NakedPair·1 NakedTriple·1 W-Wing
409350001068009400000800000300000008000000570000517000056000930900700000010000607|sstssk(2)s|Hard|660|20 FullHouse·13 HiddenSingle·22 NakedSingle·1 NakedTriple·2 LockedCandidatesType1(Pointing)·1 Skyscraper
000000007027806905800000000600300400000207630002000000200100000000009850046730001|sstssk(3)s|Hard|620|20 FullHouse·17 HiddenSingle·18 NakedSingle·2 LockedCandidatesType2(Claiming)·1 Skyscraper
001040005785000090000000000200000000607109030000002786430000000076900540000000002|sstssk(2)s|Hard|594|21 FullHouse·13 HiddenSingle·22 NakedSingle·1 NakedPair·1 LockedCandidatesType2(Claiming)·1 Skyscraper
006040010000102040400000387300000000000000200000000750040036000120094000070010500|sstssk(2)s|Hard|488|21 FullHouse·8 HiddenSingle·28 NakedSingle·1 LockedCandidatesType1(Pointing)·1 Skyscraper
000000392030005600007012050000024700090700000004001000000003004800400000070006500|sstssk(2)s|Hard|718|20 FullHouse·17 HiddenSingle·20 NakedSingle·1 NakedPair·1 NakedTriple·1 LockedCandidatesType2(Claiming)·1 Skyscraper
000010003026040010000050629017063000200005908800000000000000265048000300000000000|sstsw(2)s|Hard|644|20 FullHouse·10 HiddenSingle·1 HiddenPair·26 NakedSingle·2 LockedCandidatesType1(Pointing)·1 W-Wing
600000000000000709007081200000000000000900070240000035008520090090004502100070008|sstsw(1)s|Hard|598|19 FullHouse·15 HiddenSingle·1 HiddenPair·23 NakedSingle·1 W-Wing
009000000000060001000972008800040070403010590750000000005400000000000080080701650|sstssk(2)s|Hard|754|19 FullHouse·20 HiddenSingle·17 NakedSingle·3 LockedCandidatesType1(Pointing)·1 LockedCandidatesType2(Claiming)·1 Skyscraper
010300000720184000009020800000900001400003780903008000000000000000000076600070192|sstssk(2)s|Hard|750|21 FullHouse·13 HiddenSingle·21 NakedSingle·2 LockedPair·1 LockedCandidatesType1(Pointing)·1 Skyscraper·1 X-Wing
000000000050040816100000540000020900070059000400010000280007190009000030030001420|sstsxy(1)s|Hard|650|19 FullHouse·17 HiddenSingle·19 NakedSingle·1 NakedPair·1 LockedPair·1 XY-Wing
004800000070000635300000000835000009000710800000000006780003001100200900060004000|sstsw(2)s|Hard|898|19 FullHouse·21 HiddenSingle·1 HiddenPair·17 NakedSingle·2 LockedCandidatesType2(Claiming)·1 W-Wing·1 X-Wing
605000000000005084020300000098064050060700040200000630000430000180000000007000009|sstsw(1)s|Hard|838|20 FullHouse·16 HiddenSingle·21 NakedSingle·1 NakedPair·1 NakedTriple·1 XY-Wing·1 W-Wing
500096004000050200609003005040008692100600000000007000000000001700002900000080350|sstser(1)s|Hard|534|20 FullHouse·14 HiddenSingle·22 NakedSingle·1 LockedCandidatesType1(Pointing)·1 EmptyRectangle
100000007000800000003005006900200008000043200000000703060080000007050020380002009|sstsxy(2)s|Hard|632|20 FullHouse·14 HiddenSingle·24 NakedSingle·2 LockedCandidatesType1(Pointing)·1 XY-Wing
035000290000000004000000600000007080304001009700050403400005078060000000800703020|sstssk(1)s|Hard|794|21 FullHouse·20 HiddenSingle·2 HiddenPair·15 NakedSingle·1 LockedCandidatesType1(Pointing)·1 LockedCandidatesType2(Claiming)·1 Skyscraper
020000003001604000000000000080360520490002600000070000063790080800000100000200000|sstsh3(7)s|Medium|602|20 FullHouse·12 HiddenSingle·1 HiddenTriple·26 NakedSingle·3 LockedCandidatesType1(Pointing)
029030504400900000060000200004000000000005003056240000000000602000008050000753108|sstssk(2)s|Hard|1144|21 FullHouse·21 HiddenSingle·1 HiddenPair·14 NakedSingle·2 NakedTriple·4 LockedCandidatesType1(Pointing)·3 LockedCandidatesType2(Claiming)·1 Skyscraper
600003004057104860002000000006000030400000000000730009000302950708050600000000003|ssk(2)s|Hard|464|21 FullHouse·11 HiddenSingle·24 NakedSingle·1 Skyscraper
000000005900072043003006000010020500024093100000008000000000000000000267000641300|sstsw(3)s|Hard|608|21 FullHouse·5 HiddenSingle·31 NakedSingle·1 NakedTriple·1 LockedCandidatesType1(Pointing)·1 LockedCandidatesType2(Claiming)·1 W-Wing
000000006003869000470000300000007000300290040050003201010500000700000058000910000|sstsxy(1)s|Hard|678|18 FullHouse·19 HiddenSingle·20 NakedSingle·2 LockedCandidatesType1(Pointing)·1 XY-Wing
900000400000084000020310090030400500060000002001000000008009006000007803003005004|sstsw(1)s|Hard|892|20 FullHouse·12 HiddenSingle·26 NakedSingle·3 NakedPair·1 LockedTriple·3 LockedCandidatesType1(Pointing)·1 W-Wing
005000090009000613063070058000007000000010902027058000000003000000020006054900000|sstsw(1)s|Hard|994|20 FullHouse·13 HiddenSingle·23 NakedSingle·1 NakedPair·1 NakedTriple·6 LockedCandidatesType1(Pointing)·1 LockedCandidatesType2(Claiming)·1 W-Wing
013800207807500000006000000000000000600293100000640095000000006351000000900130000|sstssk(1)s|Hard|904|20 FullHouse·16 HiddenSingle·20 NakedSingle·1 NakedPair·1 NakedTriple·5 LockedCandidatesType1(Pointing)·1 Skyscraper
000000000065003980120000047000300012070000000002010496450009600000870004007000000|sstssk(2)s|Hard|710|20 FullHouse·15 HiddenSingle·20 NakedSingle·1 NakedPair·3 LockedCandidatesType1(Pointing)·1 Skyscraper
140000000000070000069400002500010807490000000000004000000097100000003708807200005|sstssk(3)s|Hard|588|20 FullHouse·17 HiddenSingle·20 NakedSingle·1 NakedPair·1 Skyscraper
000000000000006009009070300200400081500200000301007600004601952000054070000000000|ssk(3)s|Hard|498|20 FullHouse·14 HiddenSingle·23 NakedSingle·1 Skyscraper
009702060056900080070000003000200008008001400000890730481000000507010000002600000|sstsbf2(3)s|Hard|706|20 FullHouse·12 HiddenSingle·22 NakedSingle·2 LockedPair·2 LockedCandidatesType1(Pointing)·1 LockedCandidatesType2(Claiming)·1 X-Wing
040010000009305700003204000076000000000801070800000059060000104300000062100090300|sstssk(2)s|Hard|690|20 FullHouse·18 HiddenSingle·17 NakedSingle·1 NakedPair·2 LockedCandidatesType1(Pointing)·1 Skyscraper
006001430000000007000400098030800012802000040940000700000005000007106000050004800|sstssk(2)s|Hard|824|21 FullHouse·8 HiddenSingle·27 NakedSingle·1 NakedPair·1 NakedTriple·3 LockedCandidatesType1(Pointing)·2 LockedCandidatesType2(Claiming)·1 Skyscraper
900000000050932800000006400006180340001020700730004020000875060000000000002000108|sxy(3)sxy(3)s|Hard|716|20 FullHouse·18 HiddenSingle·16 NakedSingle·2 XY-Wing
000000903009000780001600000045206008200000070000030009000700000004100200080009014|sstssk(2)s|Hard|748|19 FullHouse·13 HiddenSingle·25 NakedSingle·2 NakedTriple·2 LockedCandidatesType1(Pointing)·1 Skyscraper
000700108010000060502600003004317000938000050000000000000260400090038002000000000|sstssk(2)s|Hard|638|21 FullHouse·7 HiddenSingle·29 NakedSingle·1 NakedPair·3 LockedCandidatesType1(Pointing)·1 Skyscraper
000000000000009205000004030054060090002000800000015003020093100380600000000000008|sstsw(2)s|Hard|636|21 FullHouse·17 HiddenSingle·21 NakedSingle·1 NakedTriple·1 W-Wing
003700000014800007970060800000000203000000019200106000000009042700051000000000030|sstssk(1)s|Hard|738|18 FullHouse·15 HiddenSingle·1 HiddenPair·24 NakedSingle·1 LockedTriple·2 LockedCandidatesType1(Pointing)·1 Skyscraper
000009040000000500418607000003000000000400380001820900036000005000000007207380060|sstsxy(1)s|Hard|894|21 FullHouse·20 HiddenSingle·1 HiddenPair·15 NakedSingle·1 LockedPair·4 LockedCandidatesType1(Pointing)·1 XY-Wing
007400020100630005020090100080006070900004000015000000000000500043100980000003000|sstssk(1)s|Hard|628|21 FullHouse·17 HiddenSingle·19 NakedSingle·2 LockedCandidatesType1(Pointing)·1 Skyscraper
807500000090030010004000000006083750070900006310002000000007009080100000000005840|sw(1)s|Hard|454|21 FullHouse·8 HiddenSingle·27 NakedSingle·1 W-Wing
000000007000080000090052004003000086500720000000108000084000360300000005100360048|sxy(1)s|Hard|544|21 FullHouse·16 HiddenSingle·19 NakedSingle·1 XY-Wing
002078010045020300001400005000002680260000070000000000000780000004000000108609047|sstsw(2)s|Hard|820|20 FullHouse·20 HiddenSingle·15 NakedSingle·2 LockedCandidatesType1(Pointing)·3 LockedCandidatesType2(Claiming)·1 W-Wing
000000086008001430003009001090040018201000000800007002000490000740050000100000300|sstsw(1)sw(2)s|Hard|934|20 FullHouse·21 HiddenSingle·15 NakedSingle·4 LockedCandidatesType1(Pointing)·2 W-Wing
002014063391500000040000000020940050013008004000300000000000701089007000000000005|sstssk(1)s|Hard|874|20 FullHouse·19 HiddenSingle·1 HiddenPair·17 NakedSingle·1 NakedPair·3 LockedCandidatesType1(Pointing)·1 LockedCandidatesType2(Claiming)·1 Skyscraper
000070300800000500096000000080050120130600000000400007000020000001000009270009800|sstsh3(3)s|Medium|766|20 FullHouse·4 HiddenSingle·2 HiddenPair·1 HiddenTriple·35 NakedSingle·5 LockedCandidatesType1(Pointing)
640701005300000000000005720000043006009012000820000000000000001900000000000370560|sstsw(1)s|Hard|702|21 FullHouse·11 HiddenSingle·26 NakedSingle·1 LockedTriple·2 LockedCandidatesType1(Pointing)·1 LockedCandidatesType2(Claiming)·1 W-Wing
930106008710000040000000000000070000000009000000000654000500070005460900008097035|sstssk(2)s|Hard|668|19 FullHouse·16 HiddenSingle·22 NakedSingle·3 LockedCandidatesType1(Pointing)·1 Skyscraper
000000000000810700500000016003200609900000008200700030300900051040080900001050060|sstssk(2)ssk(2)s|Hard|874|20 FullHouse·19 HiddenSingle·17 NakedSingle·1 NakedPair·2 Skyscraper·1 X-Wing
005700000000000059082000400000057001000068793000090000040600032068002907007800000|sstssk(1)s|Hard|686|20 FullHouse·11 HiddenSingle·23 NakedSingle·3 NakedPair·1 LockedCandidatesType1(Pointing)·1 Skyscraper
048000300000000008063890000010002400700000021030004080480000092009605030000000000|sstssk(2)s|Hard|924|20 FullHouse·14 HiddenSingle·22 NakedSingle·1 NakedTriple·5 LockedCandidatesType1(Pointing)·2 LockedCandidatesType2(Claiming)·1 Skyscraper
000400007070000200006030405820009016007600000000200003084000500000060000230000000|sstssk(3)s|Hard|972|18 FullHouse·27 HiddenSingle·13 NakedSingle·1 NakedPair·1 NakedTriple·2 LockedCandidatesType1(Pointing)·2 LockedCandidatesType2(Claiming)·1 Skyscraper
000000006017300000023010000904032800061400050000000200130020080000008000000900001|sstser(1)s|Hard|528|21 FullHouse·13 HiddenSingle·23 NakedSingle·1 LockedCandidatesType1(Pointing)·1 EmptyRectangle
009760800034010000000000000007003500000500003000020470000000090412800000900170006|sstssk(2)s|Hard|708|20 FullHouse·10 HiddenSingle·27 NakedSingle·1 NakedPair·1 LockedPair·3 LockedCandidatesType1(Pointing)·1 Skyscraper
500432000000000400060900000000300010000084500007000002080070060015000028640009070|sstssk(2)s|Hard|674|21 FullHouse·7 HiddenSingle·28 NakedSingle·5 LockedCandidatesType1(Pointing)·1 Skyscraper
030000040700002650960100000000800005697045000000369700010000078000000000300050006|sw(1)w(1)s|Hard|730|19 FullHouse·21 HiddenSingle·15 NakedSingle·2 W-Wing
000000000020005408941070030000000004009040080052096000030000000500200007060050200|sstsxy(2)sxy(2)sxy(2)s|Hard|1138|20 FullHouse·18 HiddenSingle·19 NakedSingle·1 NakedPair·1 LockedCandidatesType1(Pointing)·3 XY-Wing·1 X-Wing
030108900000020004004003051000805000509462000070000000000000060040286030000001002|sstsxy(1)s|Hard|740|21 FullHouse·11 HiddenSingle·23 NakedSingle·3 LockedCandidatesType1(Pointing)·2 LockedCandidatesType2(Claiming)·1 XY-Wing
000010873000060009070000000084003000010700030003409200005600042000000007100004006|sstssk(3)s|Hard|804|21 FullHouse·12 HiddenSingle·23 NakedSingle·1 NakedTriple·4 LockedCandidatesType1(Pointing)·1 LockedCandidatesType2(Claiming)·1 Skyscraper
015000000000090203900720006720460000000007000400000000070008034040000050000300908|sstssk(2)s|Hard|808|20 FullHouse·19 HiddenSingle·18 NakedSingle·1 NakedPair·3 LockedCandidatesType1(Pointing)·1 LockedCandidatesType2(Claiming)·1 Skyscraper
463900000000000006000700390087000100020000564000000000000090600800042010041005020|sstssk(2)s|Hard|1074|21 FullHouse·9 HiddenSingle·26 NakedSingle·3 NakedPair·2 NakedTriple·1 LockedPair·4 LockedCandidatesType1(Pointing)·1 LockedCandidatesType2(Claiming)·1 Skyscraper
051000000007000020800409500000000000000500142560000000300600004006200370100057008|sstsxy(2)s|Hard|644|19 FullHouse·13 HiddenSingle·24 NakedSingle·1 NakedTriple·1 LockedCandidatesType1(Pointing)·1 XY-Wing
000000000001205070006070400070009030002006008000517900090052000040980300000000004|sstssk(2)s|Hard|724|21 FullHouse·12 HiddenSingle·23 NakedSingle·1 NakedPair·1 LockedCandidatesType2(Claiming)·1 Skyscraper·1 X-Wing
760100000000000200000304690080000900002045000000061504500000000900003407074000000|sstser(1)s|Hard|598|20 FullHouse·19 HiddenSingle·18 NakedSingle·1 NakedPair·1 EmptyRectangle
300807050000900201200000083002060039000005000680000000000000000001000040070094520|sstssk(3)s|Hard|748|19 FullHouse·16 HiddenSingle·22 NakedSingle·1 LockedPair·1 LockedCandidatesType1(Pointing)·1 Skyscraper·1 X-Wing
000027080008003000000000002000400060090000005275080300509040000002050640600001050|sstssk(1)ssk(3)s|Hard|954|20 FullHouse·19 HiddenSingle·17 NakedSingle·1 NakedTriple·3 LockedCandidatesType1(Pointing)·1 LockedCandidatesType2(Claiming)·2 Skyscraper
000560042300021500002970000058000700000000004700000000040002830100000000000000926|sstsxy(2)s|Hard|548|20 FullHouse·8 HiddenSingle·29 NakedSingle·1 NakedTriple·1 XY-Wing
800000410000000000504000807710036000000090000000004020000003002100542600005910030|sstsw(1)s|Hard|844|20 FullHouse·13 HiddenSingle·23 NakedSingle·1 LockedPair·5 LockedCandidatesType1(Pointing)·1 LockedCandidatesType2(Claiming)·1 W-Wing
002950000000003080015007300800000000000100004003000607000500003400060000000810079|sstssk(1)s|Hard|702|19 FullHouse·13 HiddenSingle·26 NakedSingle·1 NakedPair·3 LockedCandidatesType1(Pointing)·1 Skyscraper
007560002005000400340000000000000080090020003250000190700100030806400000000090600|sstsw(1)s|Hard|608|20 FullHouse·12 HiddenSingle·25 NakedSingle·1 NakedPair·1 LockedCandidatesType2(Claiming)·1 W-Wing
018600000602007803000000000000050030000860720080700195507000009100002000030100000|sstssk(3)s|Hard|740|20 FullHouse·19 HiddenSingle·16 NakedSingle·4 LockedCandidatesType1(Pointing)·1 Skyscraper
120000003009600400000000000000040000050069800000000607390005010000703504510000200|sstsw(1)s|Hard|948|20 FullHouse·20 HiddenSingle·17 NakedSingle·1 NakedTriple·1 LockedPair·5 LockedCandidatesType1(Pointing)·1 W-Wing
300004800010002003000000260000000020000400075006150300005003000060000000030069100|sstssk(2)sk(3)s|Hard|802|20 FullHouse·26 HiddenSingle·12 NakedSingle·1 LockedCandidatesType1(Pointing)·2 Skyscraper
006004900007000003090072600000000512000540000080009000800000000001600020709800030|sstsxy(1)s|Hard|758|20 FullHouse·12 HiddenSingle·25 NakedSingle·5 LockedCandidatesType1(Pointing)·1 XY-Wing
701004000098007540020600007004008000000300000000090300050000004000180053000000870|ssk(2)s|Hard|568|20 FullHouse·21 HiddenSingle·16 NakedSingle·1 Skyscraper
000010006350807000006320080000000000800003400000050900070002300602000009004090050|sstssk(2)s|Hard|728|19 FullHouse·8 HiddenSingle·30 NakedSingle·1 NakedPair·1 NakedTriple·3 LockedCandidatesType1(Pointing)·1 Skyscraper
000007800000640000700309504050400208000020007300050640000000060204000701003800000|sstsxy(1)s|Hard|660|21 FullHouse·8 HiddenSingle·1 HiddenTriple·26 NakedSingle·1 LockedCandidatesType1(Pointing)·1 LockedCandidatesType2(Claiming)·1 XY-Wing
034000100700850000006000004360000000590008703000000020000030009400017860000000000|sstsw(1)s|Hard|612|20 FullHouse·13 HiddenSingle·25 NakedSingle·2 LockedCandidatesType1(Pointing)·1 W-Wing
057600000000000970800000000408007009010000000000080742030091600900764501000500000|sstssk(2)s|Hard|690|21 FullHouse·10 HiddenSingle·24 NakedSingle·1 NakedPair·1 NakedTriple·1 LockedCandidatesType1(Pointing)·1 LockedCandidatesType2(Claiming)·1 Skyscraper
000005007600000251007082300000006030008090000050001940001000000000963070800000090|sstssk(2)s|Hard|714|21 FullHouse·11 HiddenSingle·24 NakedSingle·2 NakedTriple·1 LockedPair·1 LockedCandidatesType1(Pointing)·1 Skyscraper
000000408390010600080600590040061000000057026000000000005002000020003007009070001|sstssk(2)s|Hard|554|20 FullHouse·12 HiddenSingle·24 NakedSingle·1 NakedTriple·1 Skyscraper
800000000000009451200004008920000010000000009070006000003002004700080000040061790|sstssk(2)s|Hard|678|19 FullHouse·22 HiddenSingle·16 NakedSingle·2 LockedCandidatesType1(Pointing)·1 Skyscraper
000600000009000001072040093000000007098060000500000010200001000000000038004035720|sstssk(2)sk(3)s|Hard|752|20 FullHouse·16 HiddenSingle·22 NakedSingle·2 LockedCandidatesType1(Pointing)·2 Skyscraper
015020049000000031070050000000000002400000008900604000000002005050800063600070000|sstssk(2)s|Hard|802|21 FullHouse·18 HiddenSingle·19 NakedSingle·1 NakedPair·3 LockedCandidatesType1(Pointing)·1 LockedCandidatesType2(Claiming)·1 Skyscraper
001000890408003005050800001010570032060204089200000000000008050000102900000750000|sstssk(3)s|Hard|562|21 FullHouse·12 HiddenSingle·20 NakedSingle·2 LockedCandidatesType1(Pointing)·1 Skyscraper
060000059003700002020000010200004000037590000500600200010000000000000900008209305|sstssk(2)s|Hard|868|20 FullHouse·14 HiddenSingle·23 NakedSingle·1 NakedTriple·1 LockedPair·5 LockedCandidatesType1(Pointing)·1 Skyscraper
000000000000002090000006740004135000000600170069000000036081000080050067950000002|sstssk(2)s|Hard|704|20 FullHouse·14 HiddenSingle·22 NakedSingle·1 NakedPair·2 LockedCandidatesType1(Pointing)·1 LockedCandidatesType2(Claiming)·1 Skyscraper
000000500093500008000000692710009000024600000300000081462900000000002000500013000|sstsw(1)w(1)s|Hard|974|20 FullHouse·16 HiddenSingle·20 NakedSingle·1 NakedPair·1 NakedTriple·2 LockedCandidatesType1(Pointing)·1 LockedCandidatesType2(Claiming)·2 W-Wing
000100009060000003400600500090304010708001000310000000000062800200500090800000075|sstsxy(1)s|Hard|694|21 FullHouse·15 HiddenSingle·20 NakedSingle·1 NakedPair·2 LockedCandidatesType1(Pointing)·1 XY-Wing
005002800000060109930840000009000573050003900000000000000051006043700000800000000|sstsw(1)s|Hard|668|19 FullHouse·14 HiddenSingle·24 NakedSingle·1 NakedPair·1 LockedPair·1 LockedCandidatesType1(Pointing)·1 W-Wing
107080000400000008300021000009004603000200000004000092000000006900045000058060704|sstsw(1)s|Hard|594|21 FullHouse·11 HiddenSingle·24 NakedSingle·1 NakedPair·1 LockedCandidatesType1(Pointing)·1 W-Wing
340200870960100000000043000008000103700005090000000000000008700050000460006500920|sstssk(2)s|Hard|744|21 FullHouse·16 HiddenSingle·19 NakedSingle·1 NakedTriple·1 LockedCandidatesType1(Pointing)·2 LockedCandidatesType2(Claiming)·1 Skyscraper
000500230130000000000009068007000000080000020406705000000000750008600003300207600|sstssk(3)s|Hard|728|21 FullHouse·17 HiddenSingle·19 NakedSingle·1 NakedPair·1 LockedPair·1 LockedCandidatesType1(Pointing)·1 LockedCandidatesType2(Claiming)·1 Skyscraper
000200050009700000000050007040000000608010003795400000000008001056070204304000060|sstsxy(2)s|Hard|584|21 FullHouse·9 HiddenSingle·26 NakedSingle·1 NakedPair·1 LockedCandidatesType1(Pointing)·1 XY-Wing
184030000206107000000000006000085710007900802500000000021000000300000000000040307|sstssk(2)s|Hard|988|19 FullHouse·9 HiddenSingle·1 HiddenPair·29 NakedSingle·2 NakedPair·6 LockedCandidatesType1(Pointing)·1 LockedCandidatesType2(Claiming)·1 Skyscraper
005000680428900100100000000000040900710050002003100000050009740000400000000072009|sstssk(2)s|Hard|734|21 FullHouse·18 HiddenSingle·17 NakedSingle·4 LockedCandidatesType1(Pointing)·1 Skyscraper
000000620000406100030009050002007530000900000000040070900000000003800061050692000|sstssk(2)s|Hard|908|20 FullHouse·9 HiddenSingle·1 HiddenTriple·28 NakedSingle·1 NakedPair·1 NakedTriple·1 NakedQuadruple·2 LockedCandidatesType1(Pointing)·1 Skyscraper
000020730340000000002000004000000060057360000013250970700009000106000290008000000|sstssk(1)s|Hard|1014|20 FullHouse·12 HiddenSingle·24 NakedSingle·1 NakedPair·1 NakedTriple·1 LockedCandidatesType1(Pointing)·1 LockedCandidatesType2(Claiming)·1 Skyscraper·1 XY-Wing·1 X-Wing
400000827520100096900000000610000000000540000000031004005000000070390000009827500|sstssk(1)s|Hard|700|21 FullHouse·20 HiddenSingle·14 NakedSingle·3 LockedCandidatesType1(Pointing)·1 Skyscraper
060009024382000000000010000000020700900008400013700000001200070000000901005040000|sstssk(2)s|Hard|712|20 FullHouse·14 HiddenSingle·24 NakedSingle·1 NakedPair·2 LockedCandidatesType1(Pointing)·1 LockedCandidatesType2(Claiming)·1 Skyscraper
007000000080100000000036400000040007009000013310007805200000000050004300108600009|sstssk(2)s|Hard|558|20 FullHouse·15 HiddenSingle·22 NakedSingle·1 LockedCandidatesType2(Claiming)·1 Skyscraper
002000009003500801087200000000070010008049003300001000000060000000900350040000007|ssk(2)s|Hard|482|19 FullHouse·12 HiddenSingle·27 NakedSingle·1 Skyscraper
082009000040008930003000050000905042000000009006100700250710000800000010000000003|sstsw(2)s|Hard|608|19 FullHouse·18 HiddenSingle·20 NakedSingle·1 LockedCandidatesType1(Pointing)·1 W-Wing
000027360073000000000000000000900800400001570008070000000280016201040003800039000|sstsxy(1)s|Hard|894|20 FullHouse·13 HiddenSingle·23 NakedSingle·1 NakedTriple·4 LockedCandidatesType1(Pointing)·2 LockedCandidatesType2(Claiming)·1 XY-Wing
700002003130000870008030190900008500005091000004070300201000704000400600000000050|sstssk(2)s|Hard|636|19 FullHouse·7 HiddenSingle·28 NakedSingle·2 NakedPair·2 LockedCandidatesType1(Pointing)·1 Skyscraper
000010490000006700300070005600380000000001030008009000103902806000000900024007000|sstssk(2)s|Hard|854|20 FullHouse·12 HiddenSingle·1 HiddenPair·24 NakedSingle·1 NakedPair·5 LockedCandidatesType1(Pointing)·1 Skyscraper
091000253007500000003090008709000060640005800000400000000000500200070009000200047|sstsxy(2)s|Hard|894|19 FullHouse·7 HiddenSingle·30 NakedSingle·1 LockedPair·1 LockedTriple·3 LockedCandidatesType1(Pointing)·1 LockedCandidatesType2(Claiming)·1 XY-Wing·1 X-Wing
080052316007000500000000070030090100000015860000200000000030058000000000100860020|sstsh3(3)s|Medium|448|20 FullHouse·6 HiddenSingle·1 HiddenTriple·31 NakedSingle·1 NakedPair
000700902065300000000000008900000000002008700708000001000190000409867000000000005|sstssk(2)s|Hard|586|20 FullHouse·17 HiddenSingle·22 NakedSingle·1 LockedCandidatesType1(Pointing)·1 Skyscraper
090070000086003900000000205057900008000060073800000000000094000003000090064305080|sstssk(1)s|Hard|584|20 FullHouse·14 HiddenSingle·22 NakedSingle·1 LockedPair·1 LockedCandidatesType1(Pointing)·1 Skyscraper
704000900000009018000002030200400600603208040900050000002000000080510000000006007|sstssk(3)s|Hard|1078|20 FullHouse·7 HiddenSingle·3 HiddenPair·1 HiddenTriple·30 NakedSingle·1 LockedPair·5 LockedCandidatesType1(Pointing)·1 LockedCandidatesType2(Claiming)·1 Skyscraper
000040005020007000703280000200004190050103064000000000000001726100670000000000050|sstssk(1)s|Hard|634|20 FullHouse·18 HiddenSingle·18 NakedSingle·2 LockedCandidatesType1(Pointing)·1 Skyscraper
712000050300020060060054100900370000536090800000000000090000000008060792000010005|sstssk(1)sk(1)s|Hard|876|21 FullHouse·11 HiddenSingle·22 NakedSingle·2 NakedPair·1 NakedTriple·1 LockedPair·1 LockedCandidatesType2(Claiming)·2 Skyscraper
000093048005701600000000000000060000000000001130005804600000037047009000000004920|sstsxy(3)s|Hard|768|21 FullHouse·12 HiddenSingle·24 NakedSingle·1 NakedPair·4 LockedCandidatesType1(Pointing)·1 XY-Wing
000009001720051860054000000006003080000000300840000000001000506060307090000000010|sstsxy(2)s|Hard|668|21 FullHouse·13 HiddenSingle·23 NakedSingle·2 LockedCandidatesType1(Pointing)·1 LockedCandidatesType2(Claiming)·1 XY-Wing
701030000004009002009000010070560084000010000030004005000005026000400009500000800|sstsw(1)s|Hard|888|19 FullHouse·14 HiddenSingle·1 HiddenPair·24 NakedSingle·1 NakedPair·1 LockedPair·4 LockedCandidatesType1(Pointing)·1 W-Wing
080000039620040000000008600000000350013500020002000471709200104200617000000000000|sstsw(2)s|Hard|656|19 FullHouse·15 HiddenSingle·20 NakedSingle·1 LockedPair·2 LockedCandidatesType1(Pointing)·1 W-Wing
670009000090001600008000000000020000000700920002030580060000009710500006005002000|sstssk(1)s|Hard|772|20 FullHouse·27 HiddenSingle·11 NakedSingle·1 LockedPair·2 LockedCandidatesType1(Pointing)·1 Skyscraper
100600080600080579049050000008007300390008400400010020000090100000400005010000060|sstssk(3)s|Hard|516|20 FullHouse·12 HiddenSingle·22 NakedSingle·1 LockedCandidatesType2(Claiming)·1 Skyscraper
000800300000000000004006521003081090200407006860003400000000004430090600010000000|sstssk(2)s|Hard|604|19 FullHouse·20 HiddenSingle·17 NakedSingle·1 LockedCandidatesType1(Pointing)·1 Skyscraper
010003064900000210020600000500001000831060000000850000000000000000040078000029531|sxy(3)s|Hard|534|21 FullHouse·15 HiddenSingle·20 NakedSingle·1 XY-Wing
002000800009107052074002000300080090007903040000005000000020401001000000000500768|sstsxy(1)xy(3)s|Hard|830|20 FullHouse·8 HiddenSingle·27 NakedSingle·1 NakedPair·3 LockedCandidatesType1(Pointing)·2 XY-Wing
046901230073500000090004700000000000058260900000709500007000020032100000000000008|sstssk(3)s|Hard|500|21 FullHouse·10 HiddenSingle·24 NakedSingle·1 LockedCandidatesType1(Pointing)·1 Skyscraper
000096000000000100000053009008060000007004310390002005900000420400000061620000038|sstssk(2)s|Hard|1000|20 FullHouse·11 HiddenSingle·2 HiddenPair·24 NakedSingle·1 NakedPair·4 LockedCandidatesType1(Pointing)·1 Skyscraper·1 X-Wing
000600001903000200040978000006080070200004860007001003800157000000000000021000000|sstsw(2)s|Hard|704|21 FullHouse·17 HiddenSingle·18 NakedSingle·1 NakedPair·1 LockedCandidatesType1(Pointing)·1 LockedCandidatesType2(Claiming)·1 W-Wing
740000000390700006000000020000060050409007100080200000260940835000038200000000040|ssk(2)s|Hard|470|21 FullHouse·12 HiddenSingle·22 NakedSingle·1 Skyscraper
802045960400000000500890000000900070700000000000020400000000001004056097600304020|sstsw(1)w(1)w(1)s|Hard|1084|19 FullHouse·20 HiddenSingle·17 NakedSingle·1 NakedPair·1 LockedCandidatesType1(Pointing)·2 LockedCandidatesType2(Claiming)·3 W-Wing
370090000000200000090057000009060001000000000000500409084000003002031075007908010|sstssk(2)s|Hard|624|21 FullHouse·15 HiddenSingle·1 HiddenPair·20 NakedSingle·1 LockedCandidatesType1(Pointing)·1 Skyscraper
000801270000000004301020908074050090005300000930000000000000000400100806856290000|sstssk(2)s|Hard|666|20 FullHouse·18 HiddenSingle·16 NakedSingle·1 LockedPair·2 LockedCandidatesType1(Pointing)·1 Skyscraper
020900000700000005034600028000004170802300050046000000260000000008030000000070900|sstsxy(2)sxy(1)s|Hard|1118|20 FullHouse·15 HiddenSingle·22 NakedSingle·1 NakedTriple·2 LockedCandidatesType1(Pointing)·2 LockedCandidatesType2(Claiming)·2 XY-Wing·1 X-Wing
070010804030200160900000000069100000000006489080040000003000000000000600800934070|sstssk(3)s|Hard|664|20 FullHouse·20 HiddenSingle·16 NakedSingle·1 NakedPair·1 LockedCandidatesType1(Pointing)·1 Skyscraper
906800040004050026000900000060320800003000001810040000009006000000000050350008000|sstsw(2)s|Hard|748|20 FullHouse·17 HiddenSingle·20 NakedSingle·1 NakedPair·1 W-Wing·1 X-Wing
000000076000300840000042093180270500703800009000000000047060020000000000010005008|sstsxy(1)s|Hard|504|21 FullHouse·7 HiddenSingle·28 NakedSingle·1 LockedCandidatesType2(Claiming)·1 XY-Wing
000000400090010000001008095000500080000090002000703000039020010504100200000340500|sstssk(2)s|Hard|838|18 FullHouse·15 HiddenSingle·24 NakedSingle·1 NakedTriple·1 LockedCandidatesType1(Pointing)·1 LockedCandidatesType2(Claiming)·1 Skyscraper·1 Swordfish
009000000000060502125000600543000100000001000000900060080350000392700000000020400|sstssk(3)s|Hard|798|21 FullHouse·21 HiddenSingle·15 NakedSingle·1 NakedTriple·3 LockedCandidatesType1(Pointing)·1 Skyscraper
000280000030000008570034602060000000000000950052140000000000046620000300009013000|sstssk(2)s|Hard|664|20 FullHouse·15 HiddenSingle·21 NakedSingle·1 NakedPair·2 LockedCandidatesType1(Pointing)·1 Skyscraper
070308000000000000000010900130086500000405000000090064050009608710040009209000070|sstssk(1)s|Hard|750|21 FullHouse·12 HiddenSingle·22 NakedSingle·3 NakedPair·2 LockedCandidatesType1(Pointing)·1 Skyscraper
000000038000300010038961007000400080560000090020050000010047800700500100006103000|sstsxyz(1)s|Hard|806|20 FullHouse·9 HiddenSingle·25 NakedSingle·1 NakedTriple·1 LockedPair·3 LockedCandidatesType1(Pointing)·1 LockedCandidatesType2(Claiming)·1 XYZ-Wing
000100284001030690940000700050000000004300000000051020006004971070000000080090000|sstsw(2)s|Hard|584|20 FullHouse·16 HiddenSingle·20 NakedSingle·1 LockedCandidatesType1(Pointing)·1 W-Wing
004800320000000000300000058600000009000000700000402001003100800060070905520680000|sstssk(2)s|Hard|868|20 FullHouse·16 HiddenSingle·21 NakedSingle·2 NakedPair·1 NakedTriple·3 LockedCandidatesType1(Pointing)·1 Skyscraper
005431900000000400008000005002000090307006120000900060020067000000000000401809000|sstsw(1)s|Hard|728|20 FullHouse·16 HiddenSingle·21 NakedSingle·1 LockedCandidatesType1(Pointing)·1 W-Wing·1 X-Wing
050000074030850000700000000020300017400010309000006000009000081873004000000500400|ssk(3)s|Hard|584|18 FullHouse·23 HiddenSingle·15 NakedSingle·1 Skyscraper
820000000050009080000700100500324010030005000000000020000000603490060050070800090|sstsw(3)s|Hard|628|20 FullHouse·20 HiddenSingle·17 NakedSingle·1 LockedCandidatesType1(Pointing)·1 W-Wing
020010000854002070000700090000000000000060500607304100100000400000083760000000002|sstsh3(4)s|Medium|732|20 FullHouse·17 HiddenSingle·1 HiddenTriple·21 NakedSingle·1 NakedPair·1 NakedTriple·1 LockedPair·1 LockedCandidatesType1(Pointing)
000000800000306500000284009800000000005000400041000002630097080007020395100000000|sstssk(2)s|Hard|604|20 FullHouse·14 HiddenSingle·22 NakedSingle·1 NakedPair·1 LockedCandidatesType1(Pointing)·1 Skyscraper
807005000030000500965000072000470000001900600502000004000041090020000000000037405|sstsxy(2)s|Hard|850|20 FullHouse·16 HiddenSingle·19 NakedSingle·1 NakedPair·4 LockedCandidatesType1(Pointing)·1 LockedCandidatesType2(Claiming)·1 XY-Wing
000090432007024050008600000000000107016000000080000506000000000040060000001905700|sstsxy(1)s|Hard|602|19 FullHouse·6 HiddenSingle·33 NakedSingle·1 NakedPair·1 LockedPair·1 LockedCandidatesType2(Claiming)·1 XY-Wing
070000000000000029060050800007000040000001002005809001040020360000000000310906000|sstsw(3)s|Hard|1136|21 FullHouse·14 HiddenSingle·1 HiddenPair·24 NakedSingle·1 LockedPair·7 LockedCandidatesType1(Pointing)·3 LockedCandidatesType2(Claiming)·1 W-Wing
000000000309102085701450006030005000000003000080260370100000200000000060000801090|sstsxy(3)s|Hard|794|20 FullHouse·7 HiddenSingle·29 NakedSingle·1 NakedPair·1 NakedTriple·4 LockedCandidatesType1(Pointing)·1 XY-Wing
000000000000000136107906805006500071800200400000090060009682300070000500000003000|sstssk(2)s|Hard|560|20 FullHouse·16 HiddenSingle·19 NakedSingle·1 LockedCandidatesType2(Claiming)·1 Skyscraper
015390000008040075040170000030702050400000030000000600070060000000000000200000483|sstssk(4)s|Hard|768|21 FullHouse·10 HiddenSingle·26 NakedSingle·2 NakedTriple·1 LockedCandidatesType1(Pointing)·2 LockedCandidatesType2(Claiming)·1 Skyscraper
000000690520300000800900002680401009001000320090030006000000000006800503218000000|sstsw(1)w(1)s|Hard|840|19 FullHouse·21 HiddenSingle·15 NakedSingle·1 NakedPair·1 LockedCandidatesType2(Claiming)·2 W-Wing
039000800060070940004100000006703000200610000000008300000430200000000007020000053|sstsxyz(1)s|Hard|708|20 FullHouse·20 HiddenSingle·17 NakedSingle·2 LockedCandidatesType2(Claiming)·1 XYZ-Wing
306800000570360180000250600000000050609500200000000397000785000000000070000040800|sstsw(2)s|Hard|530|21 FullHouse·11 HiddenSingle·23 NakedSingle·1 LockedCandidatesType1(Pointing)·1 W-Wing
050064002062003000100005080000040206003500009000132000800000000000090700000000501|sstsw(2)s|Hard|708|20 FullHouse·12 HiddenSingle·25 NakedSingle·1 NakedPair·3 LockedCandidatesType1(Pointing)·1 W-Wing
000513000000940870000000000003020000008000000010097680002000000894700300030006010|sstsh3(7)s|Medium|498|20 FullHouse·7 HiddenSingle·1 HiddenTriple·30 NakedSingle·2 LockedCandidatesType1(Pointing)
000700309002500000195800004004005903380000500200060100000320000000000400006007000|sstssk(1)s|Hard|644|21 FullHouse·11 HiddenSingle·1 HiddenPair·24 NakedSingle·1 NakedPair·1 LockedCandidatesType1(Pointing)·1 Skyscraper
000000035065020000000480900000060701020500000001000000000000054003750012800600000|sstssk(2)s|Hard|812|19 FullHouse·25 HiddenSingle·14 NakedSingle·3 LockedCandidatesType1(Pointing)·1 LockedCandidatesType2(Claiming)·1 Skyscraper
009005001700000000040700003006000000000640009800070000020000035500000084390008020|sstssk(2)s|Hard|882|20 FullHouse·22 HiddenSingle·16 NakedSingle·6 LockedCandidatesType1(Pointing)·1 Skyscraper
047900038905004710030010000009000050002090000000000006350020000000045980004001000|sstsh3(10)s|Medium|610|19 FullHouse·19 HiddenSingle·1 HiddenTriple·17 NakedSingle·1 LockedCandidatesType1(Pointing)·1 LockedCandidatesType2(Claiming)
000000000000000402000030085460080000090240508005109000080001090009000036001790000|sstssk(4)s|Hard|834|21 FullHouse·15 HiddenSingle·20 NakedSingle·1 NakedTriple·4 LockedCandidatesType1(Pointing)·1 LockedCandidatesType2(Claiming)·1 Skyscraper
070005609000000000000081450000006000051000020000030040040000200720800001590700000|sstssk(2)s|Hard|1422|19 FullHouse·12 HiddenSingle·27 NakedSingle·2 NakedPair·4 NakedTriple·10 LockedCandidatesType1(Pointing)·1 Skyscraper
800760030536000000070008000005000780060000004000004005200001000008407100000089006|sstssk(2)s|Hard|684|21 FullHouse·23 HiddenSingle·12 NakedSingle·2 LockedCandidatesType1(Pointing)·1 Skyscraper
021003400000000000073840000090000000000006017604070802308100200000000040500004038|sstssk(2)s|Hard|500|20 FullHouse·10 HiddenSingle·25 NakedSingle·1 LockedCandidatesType1(Pointing)·1 Skyscraper
203170905508030000000000200002691040700000000086000002100002384000900000000000000|sstssk(2)s|Hard|744|20 FullHouse·7 HiddenSingle·1 HiddenPair·29 NakedSingle·2 NakedPair·1 NakedTriple·1 LockedCandidatesType1(Pointing)·1 Skyscraper
000074210000000000500600043004051000700306000093000000000260400000009000008540630|sstsw(1)s|Hard|974|21 FullHouse·14 HiddenSingle·21 NakedSingle·1 LockedTriple·8 LockedCandidatesType1(Pointing)·1 W-Wing
012943000050000230790000000000207000000000607000005040007060000005020108400000050|sstssk(2)s|Hard|628|20 FullHouse·15 HiddenSingle·1 HiddenPair·22 NakedSingle·1 LockedCandidatesType1(Pointing)·1 Skyscraper
960000000000000941500012800005004200310000000000060030000000006090180400020000085|sstsw(1)s|Hard|718|20 FullHouse·14 HiddenSingle·23 NakedSingle·3 LockedCandidatesType1(Pointing)·1 LockedCandidatesType2(Claiming)·1 W-Wing
738000000060070800010500090000009206074310000000000000800000000000000701000201605|sstsxy(3)s|Hard|732|19 FullHouse·15 HiddenSingle·24 NakedSingle·1 LockedCandidatesType1(Pointing)·1 XY-Wing·1 X-Wing
010200030000006750080051060000060000000003487000040002497000000020000100800070006|sstssk(2)ssk(2)s|Hard|1044|20 FullHouse·20 HiddenSingle·16 NakedSingle·1 NakedPair·4 LockedCandidatesType1(Pointing)·2 LockedCandidatesType2(Claiming)·2 Skyscraper
000000004930010000006800009000050060140307900002001700005000106600075000300000000|sstsw(2)s|Hard|898|20 FullHouse·14 HiddenSingle·23 NakedSingle·1 NakedTriple·5 LockedCandidatesType1(Pointing)·1 LockedCandidatesType2(Claiming)·1 W-Wing
003000000000005060160080000000004710300000009009100503800000120006819005405200000|sstsw(1)s|Hard|590|20 FullHouse·12 HiddenSingle·23 NakedSingle·2 LockedCandidatesType1(Pointing)·1 W-Wing
031000000000000000007094006000800001529000080000020007004380500000000030970240000|sstssk(2)s|Hard|1042|20 FullHouse·12 HiddenSingle·1 HiddenPair·26 NakedSingle·1 NakedPair·1 NakedTriple·5 LockedCandidatesType1(Pointing)·2 LockedCandidatesType2(Claiming)·1 Skyscraper
025100009000380460600000000100000000002508100380007600000000000000002340030604500|sstsxy(2)s|Hard|684|19 FullHouse·16 HiddenSingle·21 NakedSingle·1 XY-Wing·1 X-Wing
000709400032000000006000009000000080094800000071005034600030001000000000007160800|ssk(2)s|Hard|632|19 FullHouse·27 HiddenSingle·12 NakedSingle·1 Skyscraper
600309700000000000000000826820500000405600000900000004000700509090002080050010040|sstssk(3)s|Hard|608|20 FullHouse·12 HiddenSingle·25 NakedSingle·1 NakedTriple·1 LockedCandidatesType1(Pointing)·1 Skyscraper
600010024080603000000000000007000080002004093100005000000100060400250807000000530|sstssk(1)s|Hard|848|20 FullHouse·18 HiddenSingle·19 NakedSingle·3 NakedPair·1 NakedTriple·1 LockedCandidatesType1(Pointing)·1 Skyscraper
000000008094500001030897020600000310002600000070000800000002970940050000007009000|sstssk(2)s|Hard|784|21 FullHouse·28 HiddenSingle·7 NakedSingle·3 LockedCandidatesType1(Pointing)·1 Skyscraper
000000020002000750074080000000000010006258300040003290009500000010040600000070000|sstsh3(5)s|Medium|882|20 FullHouse·17 HiddenSingle·1 HiddenTriple·21 NakedSingle·1 NakedTriple·3 LockedCandidatesType1(Pointing)·3 LockedCandidatesType2(Claiming)
600340005800090106400000380000700200037800000000004000008010050900000600000050700|sstsw(2)s|Hard|1088|21 FullHouse·20 HiddenSingle·16 NakedSingle·1 NakedPair·4 LockedCandidatesType1(Pointing)·5 LockedCandidatesType2(Claiming)·1 W-Wing
000003800080000250005700001030010400200000000040000015000070040002089170096400000|sstsw(1)s|Hard|894|21 FullHouse·13 HiddenSingle·22 NakedSingle·1 NakedPair·1 NakedTriple·4 LockedCandidatesType1(Pointing)·1 LockedCandidatesType2(Claiming)·1 W-Wing
000090584780000069000000000060001000000280000090000305900300002807105000054070000|sstssk(2)s|Hard|614|19 FullHouse·12 HiddenSingle·25 NakedSingle·1 LockedPair·1 LockedCandidatesType1(Pointing)·1 LockedCandidatesType2(Claiming)·1 Skyscraper
000000009900000260001500407740050000002640000005280600009000020000309080500000706|sstser(1)s|Hard|490|20 FullHouse·10 HiddenSingle·25 NakedSingle·1 LockedCandidatesType1(Pointing)·1 EmptyRectangle
000001900400000000009600040230070001000100600700000000060700008020003500070540060|sstsxy(1)s|Hard|952|20 FullHouse·14 HiddenSingle·24 NakedSingle·1 NakedPair·1 LockedTriple·5 LockedCandidatesType1(Pointing)·1 LockedCandidatesType2(Claiming)·1 XY-Wing
500810740000060000006405000490002000801000004000000070000000200030020060600007390|sstssk(2)s|Hard|758|20 FullHouse·25 HiddenSingle·12 NakedSingle·3 LockedCandidatesType1(Pointing)·1 Skyscraper
039702000000000000005000023804170300000000400052300980600081000000000500008690000|sstssk(2)s|Hard|914|21 FullHouse·13 HiddenSingle·22 NakedSingle·1 NakedPair·1 NakedTriple·1 LockedPair·5 LockedCandidatesType1(Pointing)·1 Skyscraper
000027600200300000000090001000000019750104000000000705100005370036000000000006080|sstssk(2)s|Hard|892|20 FullHouse·17 HiddenSingle·21 NakedSingle·2 NakedPair·2 LockedCandidatesType1(Pointing)·1 Skyscraper·1 X-Wing
000007000100000000000360092000085740000001000854000000008900010020070800060014307|sstssk(3)s|Hard|864|21 FullHouse·13 HiddenSingle·22 NakedSingle·3 NakedPair·4 LockedCandidatesType2(Claiming)·1 Skyscraper
000000082085007000002040103300000670070000000008005000030000010004200500000056090|sstsw(1)w(1)s|Hard|982|21 FullHouse·25 HiddenSingle·12 NakedSingle·3 LockedCandidatesType1(Pointing)·1 LockedCandidatesType2(Claiming)·2 W-Wing
000900002861200900003080056080620000907000000000300000000000070000051060320000000|ssk(2)s|Hard|632|19 FullHouse·27 HiddenSingle·12 NakedSingle·1 Skyscraper
700100000005900002300060000000040008062000050000500024201800060090007030000030800|sstssk(1)s|Hard|668|20 FullHouse·20 HiddenSingle·17 NakedSingle·1 NakedPair·1 LockedCandidatesType1(Pointing)·1 Skyscraper
003400000720000060800050000001002500200038700090010000005090400000501306000000000|sstssk(3)s|Hard|862|21 FullHouse·12 HiddenSingle·1 HiddenPair·25 NakedSingle·1 NakedPair·4 LockedCandidatesType1(Pointing)·1 LockedCandidatesType2(Claiming)·1 Skyscraper
009400012000028560050000000830005000000000400065391700327680000000000000510000004|sstssk(3)s|Hard|646|19 FullHouse·15 HiddenSingle·20 NakedSingle·3 LockedCandidatesType1(Pointing)·1 Skyscraper
000080700108504000002000890059000000360000000020100900000008040000000602004030050|sstssk(2)s|Hard|542|19 FullHouse·8 HiddenSingle·31 NakedSingle·1 NakedPair·1 LockedPair·1 Skyscraper
056178420000060000000000070503200000040000200800600790000000000000702019020501300|sstssk(1)s|Hard|740|20 FullHouse·13 HiddenSingle·22 NakedSingle·1 NakedPair·4 LockedCandidatesType1(Pointing)·1 Skyscraper
000006008057830006000050030600000270009602000003705900005000000906003700000000001|ssk(2)s|Hard|644|19 FullHouse·29 HiddenSingle·8 NakedSingle·1 Skyscraper
000970400340005000008600007000006091200800000700400030014000008050200004000000000|sstssk(3)s|Hard|722|19 FullHouse·6 HiddenSingle·33 NakedSingle·6 LockedCandidatesType1(Pointing)·1 Skyscraper
040050030380070000000610002009706000000000000000000600003900050405008009001035870|sstsw(1)s|Hard|754|20 FullHouse·12 HiddenSingle·24 NakedSingle·1 NakedPair·4 LockedCandidatesType1(Pointing)·1 W-Wing
002000900038090000000280006750031800900000005003900060070120009000008204060000000|sstsxyz(1)s|Hard|920|19 FullHouse·16 HiddenSingle·20 NakedSingle·2 NakedPair·2 LockedCandidatesType1(Pointing)·1 XYZ-Wing·1 X-Wing
010609500200814000000000000730000005000030000050000047508006200000000000062750900|sstssk(2)s|Hard|908|20 FullHouse·12 HiddenSingle·25 NakedSingle·1 NakedTriple·5 LockedCandidatesType1(Pointing)·2 LockedCandidatesType2(Claiming)·1 Skyscraper
704305009000904020001800000000003100500400002900000060000000000043102000280000006|sstssk(1)s|Hard|648|20 FullHouse·19 HiddenSingle·18 NakedSingle·2 LockedCandidatesType1(Pointing)·1 Skyscraper
501800000069000000000003004200008700000010000000260008030600005708930400900001002|sstsw(1)s|Hard|904|20 FullHouse·17 HiddenSingle·19 NakedSingle·2 NakedTriple·3 LockedCandidatesType1(Pointing)·1 LockedCandidatesType2(Claiming)·1 W-Wing
800034000720000000000900000000000070000360094108000053670005031089100000000000069|sstsw(2)s|Hard|684|21 FullHouse·15 HiddenSingle·20 NakedSingle·1 NakedPair·2 LockedCandidatesType1(Pointing)·1 W-Wing
000000000030000001700016092006007200000000064000034970307100000000020000010540320|sstssk(2)s|Hard|694|20 FullHouse·23 HiddenSingle·13 NakedSingle·1 NakedPair·1 LockedCandidatesType1(Pointing)·1 Skyscraper
090003500003090002820070000000001060000000900005760040240000000000610053000400000|sstsxy(1)s|Hard|982|20 FullHouse·14 HiddenSingle·24 NakedSingle·1 NakedPair·1 LockedPair·4 LockedCandidatesType1(Pointing)·3 LockedCandidatesType2(Claiming)·1 XY-Wing
000000100040000006008000320000900053400001000000086000060009712300400008980020000|sstssk(2)s|Hard|748|19 FullHouse·15 HiddenSingle·23 NakedSingle·1 NakedPair·1 LockedPair·1 Skyscraper·1 X-Wing
000000900000250008600079000970000040003005001002060389380001020000000000000928050|sstssk(2)s|Hard|700|19 FullHouse·14 HiddenSingle·22 NakedSingle·1 NakedPair·2 LockedCandidatesType1(Pointing)·1 LockedCandidatesType2(Claiming)·1 Skyscraper
000040000000075860002003150087200000609000000000006485723000000000008000005000030|sstsxy(1)s|Hard|468|20 FullHouse·3 HiddenSingle·34 NakedSingle·1 LockedCandidatesType1(Pointing)·1 XY-Wing
007000000490086000000000020009000073006074200000301056061003090000000000000020038|sstsw(1)w(2)s|Hard|768|19 FullHouse·11 HiddenSingle·27 NakedSingle·1 NakedTriple·1 LockedCandidatesType1(Pointing)·2 W-Wing
040690000703020804280000000000000000000050243004000005000200000000070450526049001|sstssk(1)s|Hard|700|21 FullHouse·14 HiddenSingle·20 NakedSingle·1 NakedPair·3 LockedCandidatesType1(Pointing)·1 Skyscraper
000000000050000000084620030008003650000090007002004900126305080000067500000000000|sstsw(1)sw(1)w(1)w(1)s|Hard|1318|20 FullHouse·12 HiddenSingle·25 NakedSingle·2 NakedPair·2 LockedCandidatesType1(Pointing)·3 LockedCandidatesType2(Claiming)·4 W-Wing
009003260000001407000070008506027000000000000400000652000009740934000000000040030|ssk(2)s|Hard|514|21 FullHouse·16 HiddenSingle·19 NakedSingle·1 Skyscraper
010037000000400972000900100020009710900080423300600009800000000050013000000000000|ssk(3)s|Hard|494|19 FullHouse·14 HiddenSingle·23 NakedSingle·1 Skyscraper
